BEGIN TRANSACTION;
CREATE TABLE IF NOT EXISTS "admin" (
	"id"	INTEGER,
	"username"	TEXT NOT NULL UNIQUE,
	"password"	TEXT NOT NULL,
	PRIMARY KEY("id" AUTOINCREMENT)
);
CREATE TABLE IF NOT EXISTS "catatan_internal" (
	"id"	INTEGER,
	"laporan_id"	INTEGER NOT NULL,
	"admin_username"	TEXT NOT NULL,
	"catatan"	TEXT NOT NULL,
	"timestamp"	DATETIME DEFAULT CURRENT_TIMESTAMP,
	PRIMARY KEY("id" AUTOINCREMENT),
	FOREIGN KEY("laporan_id") REFERENCES "laporan"("id") ON DELETE CASCADE
);
CREATE TABLE IF NOT EXISTS "dinas" (
	"id"	INTEGER,
	"nama_dinas"	TEXT NOT NULL UNIQUE,
	"kontak"	TEXT,
	PRIMARY KEY("id" AUTOINCREMENT)
);
CREATE TABLE IF NOT EXISTS "ignored_duplicates" (
	"report_id_1"	INTEGER NOT NULL,
	"report_id_2"	INTEGER NOT NULL,
	PRIMARY KEY("report_id_1","report_id_2")
);
CREATE TABLE IF NOT EXISTS "kategori" (
	"id"	INTEGER,
	"nama_kategori"	TEXT NOT NULL UNIQUE,
	"deskripsi"	TEXT,
	PRIMARY KEY("id" AUTOINCREMENT)
);
CREATE TABLE IF NOT EXISTS "laporan" (
	"id"	INTEGER,
	"nomor_laporan"	TEXT NOT NULL UNIQUE,
	"nama_pelapor"	TEXT NOT NULL,
	"no_whatsapp"	TEXT,
	"judul"	TEXT NOT NULL,
	"deskripsi"	TEXT NOT NULL,
	"kategori_id"	INTEGER NOT NULL,
	"kecamatan"	TEXT,
	"kelurahan"	TEXT,
	"foto"	TEXT,
	"foto_selesai"	TEXT,
	"dinas_penugas"	TEXT,
	"pengumuman_publik"	TEXT,
	"latitude"	REAL NOT NULL,
	"longitude"	REAL NOT NULL,
	"status"	TEXT NOT NULL DEFAULT 'Diterima',
	"support_count"	INTEGER DEFAULT 0,
	"timestamp"	DATETIME DEFAULT CURRENT_TIMESTAMP,
	PRIMARY KEY("id" AUTOINCREMENT),
	FOREIGN KEY("kategori_id") REFERENCES "kategori"("id")
);
CREATE TABLE IF NOT EXISTS "nomor_laporan_harian" (
	"tanggal"	TEXT,
	"urutan_terakhir"	INTEGER NOT NULL,
	PRIMARY KEY("tanggal")
);
CREATE TABLE IF NOT EXISTS "riwayat_aksi" (
	"id"	INTEGER,
	"laporan_id"	INTEGER NOT NULL,
	"admin_username"	TEXT NOT NULL,
	"aksi"	TEXT NOT NULL,
	"timestamp"	DATETIME DEFAULT CURRENT_TIMESTAMP,
	PRIMARY KEY("id" AUTOINCREMENT),
	FOREIGN KEY("laporan_id") REFERENCES "laporan"("id") ON DELETE CASCADE
);
INSERT INTO "admin" VALUES (1,'dimassuhendra0104','scrypt:32768:8:1$vsqnfEYAYVGf2JBI$80eeff74501c33dd215953348e7b4574f2abe946b88e7a36185ede4c63b9264e827285e390c0e00c3ea1834ff92c7d0d12fa908e16df5802efc7eeaeb73e5f35');
INSERT INTO "dinas" VALUES (1,'Dinas Pekerjaan Umum','6281234567890');
INSERT INTO "dinas" VALUES (2,'Dinas Lingkungan Hidup','6281234567891');
INSERT INTO "dinas" VALUES (3,'Dinas Perhubungan','6281234567892');
INSERT INTO "dinas" VALUES (4,'Dinas Perumahan dan Permukiman','6281234567893');
INSERT INTO "dinas" VALUES (5,'Satpol PP','6281234567894');
INSERT INTO "dinas" VALUES (6,'BPBD','6281234567895');
INSERT INTO "kategori" VALUES (1,'Jalan Rusak','Laporan terkait kerusakan jalan seperti lubang, aspal mengelupas, atau retakan.');
INSERT INTO "kategori" VALUES (2,'Sampah & Kebersihan','Laporan mengenai tumpukan sampah liar, bak sampah penuh, atau kebersihan fasilitas umum.');
INSERT INTO "kategori" VALUES (3,'Lampu Jalan Mati','Laporan terkait lampu penerangan jalan umum (PJU) yang padam atau tidak berfungsi.');
INSERT INTO "kategori" VALUES (4,'Drainase & Banjir','Laporan mengenai saluran air atau gorong-gorong yang tersumbat dan menyebabkan genangan air.');
INSERT INTO "kategori" VALUES (5,'Fasilitas Umum Rusak','Laporan kerusakan pada fasilitas publik seperti halte, rambu lalu lintas, atau trotoar.');
INSERT INTO "kategori" VALUES (6,'Ketertiban Umum','Laporan gangguan ketertiban seperti parkir liar, PKL, atau spanduk ilegal.');
INSERT INTO "kategori" VALUES (7,'Pohon Tumbang / Berbahaya','Laporan mengenai pohon yang tumbang atau dahan yang berisiko patah.');
INSERT INTO "kategori" VALUES (8,'Lainnya','Kategori untuk laporan lain yang tidak termasuk dalam kategori di atas.');
INSERT INTO "laporan" VALUES (1,'TBS-03/01-0001','Gabriella Sudiati','+62 (202) 886-2949','Laporan 1 tentang Fasilitas Umum Rusak','Saya melihat ada masalah Fasilitas Umum Rusak di dekat Jalan Jayawijaya. Mohon bantuannya.',5,'Teluk Betung Selatan','Gedong Pakuon',NULL,NULL,NULL,NULL,-5.45480763323336,105.258931607745,'Selesai',0,'2025-01-03');
INSERT INTO "laporan" VALUES (2,'LRT-25/07-0002','Tgk. Gandi Yuliarti','+62-0214-249-0700','Laporan 2 tentang Sampah & Kebersihan','Laporan mengenai Sampah & Kebersihan. Lokasinya persis di depan CV Latupono Zulkarnain.',2,'Labuhan Ratu','Kota Sepang',NULL,NULL,NULL,NULL,-5.36207930767301,105.249055823666,'Diproses',0,'2025-07-25');
INSERT INTO "laporan" VALUES (3,'RJB-18/05-0003','Artawan Budiman','+62-014-302-1688','Laporan 3 tentang Pohon Tumbang / Berbahaya','Tolong segera ditindaklanjuti, ada Pohon Tumbang / Berbahaya di wilayah Yogyakarta.',7,'Rajabasa','Rajabasa',NULL,NULL,NULL,NULL,-5.36919633763974,105.234374098178,'Selesai',0,'2025-05-18');
INSERT INTO "laporan" VALUES (4,'RJB-08/04-0004','Hartana Hakim','+62 (0858) 043 2682','Laporan 4 tentang Fasilitas Umum Rusak','Tolong segera ditindaklanjuti, ada Fasilitas Umum Rusak di wilayah Lhokseumawe.',5,'Rajabasa','Gedong Meneng',NULL,NULL,NULL,NULL,-5.37155379793214,105.235145734358,'Diterima',0,'2025-04-08');
INSERT INTO "laporan" VALUES (5,'TBT-09/06-0005','R.M. Irfan Yuliarti, S.T.','(006) 563-3727','Laporan 5 tentang Jalan Rusak','Tolong segera ditindaklanjuti, ada Jalan Rusak di wilayah Depok.',1,'Teluk Betung Timur','Suka Maju',NULL,NULL,NULL,NULL,-5.47083311073523,105.245135767622,'Selesai',0,'2025-06-09');
INSERT INTO "laporan" VALUES (6,'TBB-17/05-0006','Mila Natsir, M.Ak','0879775700','Laporan 6 tentang Lainnya','Saya melihat ada masalah Lainnya di dekat Gg. Pasteur. Mohon bantuannya.',8,'Teluk Betung Barat','Batu Putuk',NULL,NULL,NULL,NULL,-5.45502828050749,105.237642026669,'Diproses',0,'2025-05-17');
INSERT INTO "laporan" VALUES (7,'TKP-26/01-0007','Gina Budiyanto','+62 (0449) 180-0195','Laporan 7 tentang Jalan Rusak','Tolong segera ditindaklanjuti, ada Jalan Rusak di wilayah Palopo.',1,'Tanjung Karang Pusat','Durian Payung',NULL,NULL,NULL,NULL,-5.41432105242169,105.250564624886,'Selesai',0,'2025-01-26');
INSERT INTO "laporan" VALUES (8,'KML-15/08-0008','Hesti Puspasari','+62 (009) 612-2336','Laporan 8 tentang Jalan Rusak','Saya melihat ada masalah Jalan Rusak di dekat Jl. Surapati. Mohon bantuannya.',1,'Kemiling','Kemiling Permai',NULL,NULL,NULL,NULL,-5.39470662485628,105.205537591234,'Selesai',0,'2025-08-15');
INSERT INTO "laporan" VALUES (9,'TKB-18/07-0009','Pranawa Hartati','+62 (87) 676-5912','Laporan 9 tentang Drainase & Banjir','Laporan mengenai Drainase & Banjir. Lokasinya persis di depan PT Irawan.',4,'Tanjung Karang Barat','Segala Mider',NULL,NULL,NULL,NULL,-5.39902339753234,105.221668288452,'Selesai',0,'2025-07-18');
INSERT INTO "laporan" VALUES (10,'TSG-19/01-0010','Cut Malika Hidayat, S.E.','+62 (073) 465-5916','Laporan 10 tentang Drainase & Banjir','Tolong segera ditindaklanjuti, ada Drainase & Banjir di wilayah Palu.',4,'Tanjung Senang','Campang Raya',NULL,NULL,NULL,NULL,-5.36051368797725,105.274960553409,'Diterima',0,'2025-01-19');
INSERT INTO "laporan" VALUES (11,'BMW-03/07-0011','Jasmin Hidayanto','+62 (64) 485-8236','Laporan 11 tentang Ketertiban Umum','Laporan mengenai Ketertiban Umum. Lokasinya persis di depan CV Hassanah Widiastuti.',6,'Bumi Waras','Sukaraja',NULL,NULL,NULL,NULL,-5.4446682848102,105.288443892212,'Selesai',0,'2025-07-03');
INSERT INTO "laporan" VALUES (12,'LRT-19/06-0012','Dt. Balapati Puspasari','081 702 8913','Laporan 12 tentang Lainnya','Tolong segera ditindaklanjuti, ada Lainnya di wilayah Lubuklinggau.',8,'Labuhan Ratu','Kota Sepang',NULL,NULL,NULL,NULL,-5.3567545154556,105.254753459942,'Selesai',0,'2025-06-19');
INSERT INTO "laporan" VALUES (13,'RJB-28/01-0013','Siti Saefullah','+62 (058) 009-5228','Laporan 13 tentang Pohon Tumbang / Berbahaya','Laporan mengenai Pohon Tumbang / Berbahaya. Lokasinya persis di depan PD Tarihoran Pertiwi.',7,'Rajabasa','Rajabasa',NULL,NULL,NULL,NULL,-5.37526029897541,105.230261251473,'Diproses',0,'2025-01-28');
INSERT INTO "laporan" VALUES (14,'RJB-21/05-0014','Kezia Maryati','+62 (38) 345 2501','Laporan 14 tentang Sampah & Kebersihan','Saya melihat ada masalah Sampah & Kebersihan di dekat Gang K.H. Wahid Hasyim. Mohon bantuannya.',2,'Rajabasa','Gedong Meneng',NULL,NULL,NULL,NULL,-5.37280582232352,105.230230873379,'Diproses',0,'2025-05-21');
INSERT INTO "laporan" VALUES (15,'EGL-08/06-0015','Dr. Ani Hartati, M.Ak','0850815687','Laporan 15 tentang Lampu Jalan Mati','Tolong segera ditindaklanjuti, ada Lampu Jalan Mati di wilayah Balikpapan.',3,'Enggal','Tanjung Karang',NULL,NULL,NULL,NULL,-5.4207423303765,105.264539592111,'Diproses',0,'2025-06-08');
INSERT INTO "laporan" VALUES (16,'KDT-04/05-0016','Paris Sirait','+62 (0478) 101 4169','Laporan 16 tentang Sampah & Kebersihan','Saya melihat ada masalah Sampah & Kebersihan di dekat Jalan Monginsidi. Mohon bantuannya.',2,'Kedaton','Penengahan',NULL,NULL,NULL,NULL,-5.38969455987628,105.250664965054,'Selesai',0,'2025-05-04');
INSERT INTO "laporan" VALUES (17,'EGL-17/05-0017','Dirja Maheswara','+62 (033) 136 6072','Laporan 17 tentang Lainnya','Laporan mengenai Lainnya. Lokasinya persis di depan PT Maryati Situmorang (Persero) Tbk.',8,'Enggal','Gunung Sari',NULL,NULL,NULL,NULL,-5.41819499367016,105.259864605071,'Diproses',0,'2025-05-17');
INSERT INTO "laporan" VALUES (18,'SKR-29/03-0018','Rafi Suryono','+62-097-602-1610','Laporan 18 tentang Ketertiban Umum','Laporan mengenai Ketertiban Umum. Lokasinya persis di depan CV Hidayat Pangestu Tbk.',6,'Sukarame','Korpri Jaya',NULL,NULL,NULL,NULL,-5.39540714179035,105.293346324785,'Diterima',0,'2025-03-29');
INSERT INTO "laporan" VALUES (19,'TBU-09/03-0019','Parman Tampubolon','(0297) 445 6546','Laporan 19 tentang Ketertiban Umum','Tolong segera ditindaklanjuti, ada Ketertiban Umum di wilayah Bima.',6,'Teluk Betung Utara','Sumur Batu',NULL,NULL,NULL,NULL,-5.43643524376758,105.26577085678,'Diproses',0,'2025-03-09');
INSERT INTO "laporan" VALUES (20,'TKT-23/01-0020','Karta Prakasa','+62-0558-668-4201','Laporan 20 tentang Sampah & Kebersihan','Laporan mengenai Sampah & Kebersihan. Lokasinya persis di depan CV Hidayanto Hardiansyah.',2,'Tanjung Karang Timur','Kebon Jeruk',NULL,NULL,NULL,NULL,-5.41337947506651,105.298051784201,'Diterima',0,'2025-01-23');
INSERT INTO "laporan" VALUES (21,'TSG-20/01-0021','Balijan Nasyiah','+62 (78) 908-5860','Laporan 21 tentang Lainnya','Tolong segera ditindaklanjuti, ada Lainnya di wilayah Makassar.',8,'Tanjung Senang','Tanjung Senang',NULL,NULL,NULL,NULL,-5.35513706337821,105.269226504355,'Diterima',0,'2025-01-20');
INSERT INTO "laporan" VALUES (22,'BMW-09/02-0022','T. Harsanto Prasetyo, S.Pd','(0755) 722 8400','Laporan 22 tentang Lainnya','Saya melihat ada masalah Lainnya di dekat Jalan Raya Ujungberung. Mohon bantuannya.',8,'Bumi Waras','Sukaraja',NULL,NULL,NULL,NULL,-5.44388824098764,105.290812985213,'Selesai',0,'2025-02-09');
INSERT INTO "laporan" VALUES (23,'SKB-28/07-0023','Puti Safitri','+62 (0906) 224-3027','Laporan 23 tentang Lampu Jalan Mati','Tolong segera ditindaklanjuti, ada Lampu Jalan Mati di wilayah Tidore Kepulauan.',3,'Sukabumi','Way Gubak',NULL,NULL,NULL,NULL,-5.40219521631731,105.306355728169,'Diterima',0,'2025-07-28');
INSERT INTO "laporan" VALUES (24,'RJB-07/02-0024','Zulaikha Utama, S.T.','+62 (860) 277-8111','Laporan 24 tentang Lampu Jalan Mati','Laporan mengenai Lampu Jalan Mati. Lokasinya persis di depan CV Siregar.',3,'Rajabasa','Rajabasa',NULL,NULL,NULL,NULL,-5.36827290156523,105.22642394972,'Diproses',0,'2025-02-07');
INSERT INTO "laporan" VALUES (25,'LGP-12/04-0025','H. Niyaga Narpati','+62 (465) 393 5807','Laporan 25 tentang Lainnya','Tolong segera ditindaklanjuti, ada Lainnya di wilayah Padang Sidempuan.',8,'Langkapura','Langkapura',NULL,NULL,NULL,NULL,-5.40452061577481,105.231733026701,'Selesai',0,'2025-04-12');
INSERT INTO "laporan" VALUES (26,'TBS-18/05-0026','T. Kasusra Hutagalung','+62 (879) 253-3646','Laporan 26 tentang Ketertiban Umum','Laporan mengenai Ketertiban Umum. Lokasinya persis di depan Perum Laksmiwati.',6,'Teluk Betung Selatan','Teluk Betung',NULL,NULL,NULL,NULL,-5.45041575495611,105.257317993975,'Diterima',0,'2025-05-18');
INSERT INTO "laporan" VALUES (27,'EGL-12/07-0027','Luwar Permadi','+62-0963-823-1297','Laporan 27 tentang Pohon Tumbang / Berbahaya','Laporan mengenai Pohon Tumbang / Berbahaya. Lokasinya persis di depan PT Uyainah.',7,'Enggal','Gunung Sari',NULL,NULL,NULL,NULL,-5.41947667863336,105.262385010859,'Diproses',0,'2025-07-12');
INSERT INTO "laporan" VALUES (28,'TKT-15/03-0028','Radika Megantara','(001) 853-1799','Laporan 28 tentang Lampu Jalan Mati','Laporan mengenai Lampu Jalan Mati. Lokasinya persis di depan UD Kurniawan Januar (Persero) Tbk.',3,'Tanjung Karang Timur','Sawah Brebes',NULL,NULL,NULL,NULL,-5.41383740465266,105.297052296336,'Selesai',0,'2025-03-15');
INSERT INTO "laporan" VALUES (29,'TBB-09/07-0029','Kajen Suartini','+62 (0635) 435 7753','Laporan 29 tentang Sampah & Kebersihan','Tolong segera ditindaklanjuti, ada Sampah & Kebersihan di wilayah Denpasar.',2,'Teluk Betung Barat','Batu Putuk',NULL,NULL,NULL,NULL,-5.46064790828751,105.234111187431,'Diterima',0,'2025-07-09');
INSERT INTO "laporan" VALUES (30,'TBT-31/01-0030','R.A. Unjani Marpaung','+62 (0917) 392 7851','Laporan 30 tentang Pohon Tumbang / Berbahaya','Laporan mengenai Pohon Tumbang / Berbahaya. Lokasinya persis di depan PD Napitupulu.',7,'Teluk Betung Timur','Keteguhan',NULL,NULL,NULL,NULL,-5.46814485624733,105.246641208751,'Diproses',0,'2025-01-31');
INSERT INTO "laporan" VALUES (31,'KDM-03/08-0031','Galang Hastuti','+62 (0932) 472-8198','Laporan 31 tentang Ketertiban Umum','Tolong segera ditindaklanjuti, ada Ketertiban Umum di wilayah Binjai.',6,'Kedamaian','Kedamaian',NULL,NULL,NULL,NULL,-5.41881208932608,105.288707795682,'Selesai',0,'2025-08-03');
INSERT INTO "laporan" VALUES (32,'TBU-09/08-0032','Dt. Prakosa Hidayanto, S.T.','+62 (022) 866-3596','Laporan 32 tentang Lampu Jalan Mati','Laporan mengenai Lampu Jalan Mati. Lokasinya persis di depan CV Nababan Kuswoyo.',3,'Teluk Betung Utara','Sumur Batu',NULL,NULL,NULL,NULL,-5.43441118483357,105.262109508751,'Diproses',0,'2025-08-09');
INSERT INTO "laporan" VALUES (33,'TBT-11/03-0033','Salsabila Haryanti','+62 (47) 158-2569','Laporan 33 tentang Lampu Jalan Mati','Tolong segera ditindaklanjuti, ada Lampu Jalan Mati di wilayah Tangerang.',3,'Teluk Betung Timur','Kota Karang',NULL,NULL,NULL,NULL,-5.46671107135611,105.240538275936,'Diterima',0,'2025-03-11');
INSERT INTO "laporan" VALUES (34,'KDT-09/03-0034','Hamzah Marpaung, S.E.I','+62 (024) 330 6624','Laporan 34 tentang Lampu Jalan Mati','Tolong segera ditindaklanjuti, ada Lampu Jalan Mati di wilayah Palangkaraya.',3,'Kedaton','Sidodadi',NULL,NULL,NULL,NULL,-5.39132240020165,105.252490371097,'Diproses',0,'2025-03-09');
INSERT INTO "laporan" VALUES (35,'TKT-07/02-0035','Kenes Mangunsong','+62 (0681) 301 8139','Laporan 35 tentang Sampah & Kebersihan','Saya melihat ada masalah Sampah & Kebersihan di dekat Jl. Cikapayang. Mohon bantuannya.',2,'Tanjung Karang Timur','Sawah Brebes',NULL,NULL,NULL,NULL,-5.41215456968667,105.293580438342,'Diproses',0,'2025-02-07');
INSERT INTO "laporan" VALUES (36,'TBT-17/02-0036','Bagus Megantara','+62 (0191) 447 7985','Laporan 36 tentang Jalan Rusak','Tolong segera ditindaklanjuti, ada Jalan Rusak di wilayah Langsa.',1,'Teluk Betung Timur','Kota Karang',NULL,NULL,NULL,NULL,-5.46530042540477,105.246930956797,'Selesai',0,'2025-02-17');
INSERT INTO "laporan" VALUES (37,'TBS-25/01-0037','Sakura Handayani','+62 (797) 323 7170','Laporan 37 tentang Jalan Rusak','Saya melihat ada masalah Jalan Rusak di dekat Gang M.H Thamrin. Mohon bantuannya.',1,'Teluk Betung Selatan','Pesawahan',NULL,NULL,NULL,NULL,-5.45492638991298,105.262307418859,'Selesai',0,'2025-01-25');
INSERT INTO "laporan" VALUES (38,'SKB-19/03-0038','Nabila Sirait','(0111) 833-3020','Laporan 38 tentang Ketertiban Umum','Tolong segera ditindaklanjuti, ada Ketertiban Umum di wilayah Lubuklinggau.',6,'Sukabumi','Sukabumi',NULL,NULL,NULL,NULL,-5.40028153971715,105.310048434769,'Selesai',0,'2025-03-19');
INSERT INTO "laporan" VALUES (39,'PJG-31/05-0039','Cut Septi Permata, S.Kom','0851166558','Laporan 39 tentang Jalan Rusak','Saya melihat ada masalah Jalan Rusak di dekat Jl. Kendalsari. Mohon bantuannya.',1,'Panjang','Panjang Selatan',NULL,NULL,NULL,NULL,-5.4583847761772,105.318177942013,'Diproses',0,'2025-05-31');
INSERT INTO "laporan" VALUES (40,'TBT-01/04-0040','KH. Jumari Purnawati, S.Pd','(0001) 280 2933','Laporan 40 tentang Jalan Rusak','Saya melihat ada masalah Jalan Rusak di dekat Jalan Tebet Barat Dalam. Mohon bantuannya.',1,'Teluk Betung Timur','Suka Maju',NULL,NULL,NULL,NULL,-5.46456443352064,105.242241895796,'Selesai',0,'2025-04-01');
INSERT INTO "laporan" VALUES (41,'TBU-15/07-0041','Rosman Saefullah','0824369231','Laporan 41 tentang Lampu Jalan Mati','Saya melihat ada masalah Lampu Jalan Mati di dekat Gang Yos Sudarso. Mohon bantuannya.',3,'Teluk Betung Utara','Kupang Raya',NULL,NULL,NULL,NULL,-5.43967563234941,105.267384696019,'Selesai',0,'2025-07-15');
INSERT INTO "laporan" VALUES (42,'TKP-24/08-0042','R.A. Ami Wacana, M.M.','+62 (098) 283 2951','Laporan 42 tentang Fasilitas Umum Rusak','Laporan mengenai Fasilitas Umum Rusak. Lokasinya persis di depan CV Puspita Irawan (Persero) Tbk.',5,'Tanjung Karang Pusat','Kelapa Tiga Permai',NULL,NULL,NULL,NULL,-5.41544635502959,105.246063996275,'Selesai',0,'2025-08-24');
INSERT INTO "laporan" VALUES (43,'TBU-06/05-0043','Jasmani Natsir','(004) 188 0969','Laporan 43 tentang Pohon Tumbang / Berbahaya','Laporan mengenai Pohon Tumbang / Berbahaya. Lokasinya persis di depan Perum Prayoga Kuswandari.',7,'Teluk Betung Utara','Gulak Galik',NULL,NULL,NULL,NULL,-5.44390047312417,105.258283776805,'Diproses',0,'2025-05-06');
INSERT INTO "laporan" VALUES (44,'KML-01/04-0044','Dr. Cinta Wahyuni, S.Gz','+62-09-847-4460','Laporan 44 tentang Jalan Rusak','Saya melihat ada masalah Jalan Rusak di dekat Gang Medokan Ayu. Mohon bantuannya.',1,'Kemiling','Pinang Jaya',NULL,NULL,NULL,NULL,-5.39984890604743,105.208837659386,'Diterima',0,'2025-04-01');
INSERT INTO "laporan" VALUES (45,'BMW-28/06-0045','Tgk. Atmaja Siregar, S.T.','+62-019-677-3922','Laporan 45 tentang Ketertiban Umum','Tolong segera ditindaklanjuti, ada Ketertiban Umum di wilayah Surabaya.',6,'Bumi Waras','Kangkung',NULL,NULL,NULL,NULL,-5.44274408057399,105.286437897832,'Diproses',0,'2025-06-28');
INSERT INTO "laporan" VALUES (46,'TKP-28/06-0046','R.M. Jarwa Ardianto','+62 (008) 926 8117','Laporan 46 tentang Ketertiban Umum','Tolong segera ditindaklanjuti, ada Ketertiban Umum di wilayah Makassar.',6,'Tanjung Karang Pusat','Durian Payung',NULL,NULL,NULL,NULL,-5.41451713046592,105.247354957023,'Diproses',0,'2025-06-28');
INSERT INTO "laporan" VALUES (47,'LRT-29/07-0047','Puti Lintang Mandasari','0836835677','Laporan 47 tentang Lainnya','Saya melihat ada masalah Lainnya di dekat Jalan Merdeka. Mohon bantuannya.',8,'Labuhan Ratu','Kota Sepang',NULL,NULL,NULL,NULL,-5.35846246110093,105.257097095224,'Selesai',0,'2025-07-29');
INSERT INTO "laporan" VALUES (48,'TSG-29/07-0048','Ikhsan Nasyiah','+62-109-222-2085','Laporan 48 tentang Sampah & Kebersihan','Laporan mengenai Sampah & Kebersihan. Lokasinya persis di depan PD Firmansyah Hutapea Tbk.',2,'Tanjung Senang','Campang Raya',NULL,NULL,NULL,NULL,-5.35525124288537,105.273463864872,'Diproses',0,'2025-07-29');
INSERT INTO "laporan" VALUES (49,'RJB-16/01-0049','Michelle Samosir','+62 (22) 208 2895','Laporan 49 tentang Sampah & Kebersihan','Saya melihat ada masalah Sampah & Kebersihan di dekat Gang Gardujati. Mohon bantuannya.',2,'Rajabasa','Rajabasa Nunyai',NULL,NULL,NULL,NULL,-5.37054230347054,105.230798772837,'Diterima',0,'2025-01-16');
INSERT INTO "laporan" VALUES (50,'LRT-21/03-0050','Marsudi Prakasa','+62 (0319) 238-6669','Laporan 50 tentang Pohon Tumbang / Berbahaya','Tolong segera ditindaklanjuti, ada Pohon Tumbang / Berbahaya di wilayah Tarakan.',7,'Labuhan Ratu','Sepang Jaya',NULL,NULL,NULL,NULL,-5.35879562576621,105.255539786769,'Diproses',0,'2025-03-21');
INSERT INTO "laporan" VALUES (51,'SKR-16/02-0051','Jarwa Uwais','+62-0859-295-3096','Laporan 51 tentang Sampah & Kebersihan','Tolong segera ditindaklanjuti, ada Sampah & Kebersihan di wilayah Ambon.',2,'Sukarame','Sukarame',NULL,NULL,NULL,NULL,-5.39451239109551,105.29188096229,'Diproses',0,'2025-02-16');
INSERT INTO "laporan" VALUES (52,'RJB-31/03-0052','Humaira Waluyo','(0870) 059 4921','Laporan 52 tentang Lainnya','Saya melihat ada masalah Lainnya di dekat Gang Pasirkoja. Mohon bantuannya.',8,'Rajabasa','Rajabasa Nunyai',NULL,NULL,NULL,NULL,-5.3668425785208,105.226279047475,'Diproses',0,'2025-03-31');
INSERT INTO "laporan" VALUES (53,'PJG-01/05-0053','Asmuni Zulaika','+62 (367) 457 9434','Laporan 53 tentang Lainnya','Tolong segera ditindaklanjuti, ada Lainnya di wilayah Surabaya.',8,'Panjang','Pidada',NULL,NULL,NULL,NULL,-5.45247675456722,105.315167392327,'Selesai',0,'2025-05-01');
INSERT INTO "laporan" VALUES (54,'BMW-13/06-0054','Sutan Lulut Padmasari','(0754) 322 0115','Laporan 54 tentang Drainase & Banjir','Saya melihat ada masalah Drainase & Banjir di dekat Gang Dr. Djunjunan. Mohon bantuannya.',4,'Bumi Waras','Kangkung',NULL,NULL,NULL,NULL,-5.44688580963066,105.290022215296,'Diproses',0,'2025-06-13');
INSERT INTO "laporan" VALUES (55,'TBB-30/05-0055','Okta Nugroho','+62-088-980-0787','Laporan 55 tentang Drainase & Banjir','Tolong segera ditindaklanjuti, ada Drainase & Banjir di wilayah Lubuklinggau.',4,'Teluk Betung Barat','Kuripan',NULL,NULL,NULL,NULL,-5.45945667996772,105.239443267593,'Diterima',0,'2025-05-30');
INSERT INTO "laporan" VALUES (56,'TKB-28/01-0056','dr. Tami Rahayu','0848569300','Laporan 56 tentang Lampu Jalan Mati','Saya melihat ada masalah Lampu Jalan Mati di dekat Jalan Jend. Sudirman. Mohon bantuannya.',3,'Tanjung Karang Barat','Sukarame II',NULL,NULL,NULL,NULL,-5.40455723155617,105.224717907369,'Selesai',0,'2025-01-28');
INSERT INTO "laporan" VALUES (57,'SKB-07/04-0057','Daliono Wijayanti','(097) 896 7550','Laporan 57 tentang Drainase & Banjir','Saya melihat ada masalah Drainase & Banjir di dekat Gang M.T Haryono. Mohon bantuannya.',4,'Sukabumi','Way Gubak',NULL,NULL,NULL,NULL,-5.39527694306824,105.309160299628,'Diterima',0,'2025-04-07');
INSERT INTO "laporan" VALUES (58,'SKR-25/07-0058','Aris Widodo','+62 (0117) 388 6875','Laporan 58 tentang Pohon Tumbang / Berbahaya','Saya melihat ada masalah Pohon Tumbang / Berbahaya di dekat Jl. Setiabudhi. Mohon bantuannya.',7,'Sukarame','Way Dadi',NULL,NULL,NULL,NULL,-5.3915552443412,105.292930197207,'Diterima',0,'2025-07-25');
INSERT INTO "laporan" VALUES (59,'KML-28/07-0059','Dt. Jagaraga Widodo','084 784 6635','Laporan 59 tentang Drainase & Banjir','Laporan mengenai Drainase & Banjir. Lokasinya persis di depan UD Prasasta Saputra (Persero) Tbk.',4,'Kemiling','Beringin Raya',NULL,NULL,NULL,NULL,-5.3956762624122,105.206249085132,'Diproses',0,'2025-07-28');
INSERT INTO "laporan" VALUES (60,'TBT-16/05-0060','Clara Hutagalung','088 444 3367','Laporan 60 tentang Ketertiban Umum','Laporan mengenai Ketertiban Umum. Lokasinya persis di depan CV Haryanti (Persero) Tbk.',6,'Teluk Betung Timur','Keteguhan',NULL,NULL,NULL,NULL,-5.46649443799922,105.24391454291,'Selesai',0,'2025-05-16');
INSERT INTO "laporan" VALUES (61,'SKR-18/08-0061','Hamzah Sudiati','+62 (018) 550-9251','Laporan 61 tentang Fasilitas Umum Rusak','Laporan mengenai Fasilitas Umum Rusak. Lokasinya persis di depan CV Saptono Kusumo.',5,'Sukarame','Way Dadi',NULL,NULL,NULL,NULL,-5.38781350077178,105.291434772759,'Diproses',0,'2025-08-18');
INSERT INTO "laporan" VALUES (62,'TSG-11/05-0062','KH. Taswir Wijaya, S.IP','+62-0388-865-9943','Laporan 62 tentang Jalan Rusak','Saya melihat ada masalah Jalan Rusak di dekat Gg. Ciumbuleuit. Mohon bantuannya.',1,'Tanjung Senang','Way Kandis',NULL,NULL,NULL,NULL,-5.35553270368396,105.275942438988,'Selesai',0,'2025-05-11');
INSERT INTO "laporan" VALUES (63,'TKP-05/07-0063','T. Damar Firmansyah','+62 (512) 311 1004','Laporan 63 tentang Sampah & Kebersihan','Tolong segera ditindaklanjuti, ada Sampah & Kebersihan di wilayah Balikpapan.',2,'Tanjung Karang Pusat','Kelapa Tiga Permai',NULL,NULL,NULL,NULL,-5.41579855351495,105.246955540331,'Selesai',0,'2025-07-05');
INSERT INTO "laporan" VALUES (64,'KML-06/02-0064','Aslijan Wastuti, M.Kom.','+62 (000) 750 2474','Laporan 64 tentang Lampu Jalan Mati','Saya melihat ada masalah Lampu Jalan Mati di dekat Jalan Rajawali Barat. Mohon bantuannya.',3,'Kemiling','Pinang Jaya',NULL,NULL,NULL,NULL,-5.39527554226442,105.207031534415,'Selesai',0,'2025-02-06');
INSERT INTO "laporan" VALUES (65,'BMW-23/06-0065','Puti Iriana Adriansyah','+62 (028) 501 7448','Laporan 65 tentang Fasilitas Umum Rusak','Saya melihat ada masalah Fasilitas Umum Rusak di dekat Jl. Suniaraja. Mohon bantuannya.',5,'Bumi Waras','Bumi Waras',NULL,NULL,NULL,NULL,-5.44888631200995,105.282707201344,'Selesai',0,'2025-06-23');
INSERT INTO "laporan" VALUES (66,'SKB-26/02-0066','R.A. Dewi Setiawan, M.M.','(075) 940-1875','Laporan 66 tentang Pohon Tumbang / Berbahaya','Laporan mengenai Pohon Tumbang / Berbahaya. Lokasinya persis di depan PT Maryadi.',7,'Sukabumi','Nusantara Permai',NULL,NULL,NULL,NULL,-5.39479140862585,105.306177691942,'Selesai',0,'2025-02-26');
INSERT INTO "laporan" VALUES (67,'TKP-27/06-0067','Agus Prastuti','+62-099-664-0395','Laporan 67 tentang Drainase & Banjir','Saya melihat ada masalah Drainase & Banjir di dekat Gang Pelajar Pejuang. Mohon bantuannya.',4,'Tanjung Karang Pusat','Kaliawi',NULL,NULL,NULL,NULL,-5.42338616455164,105.251249195483,'Selesai',0,'2025-06-27');
INSERT INTO "laporan" VALUES (68,'PJG-01/01-0068','Cici Gunarto','+62 (598) 732 6358','Laporan 68 tentang Ketertiban Umum','Saya melihat ada masalah Ketertiban Umum di dekat Jalan Gegerkalong Hilir. Mohon bantuannya.',6,'Panjang','Panjang Utara',NULL,NULL,NULL,NULL,-5.45629557862993,105.320170818981,'Diproses',0,'2025-01-01');
INSERT INTO "laporan" VALUES (69,'TBB-13/01-0069','Sarah Farida, M.M.','+62-055-599-6155','Laporan 69 tentang Pohon Tumbang / Berbahaya','Tolong segera ditindaklanjuti, ada Pohon Tumbang / Berbahaya di wilayah Pariaman.',7,'Teluk Betung Barat','Kuripan',NULL,NULL,NULL,NULL,-5.45211904295625,105.242763877481,'Selesai',0,'2025-01-13');
INSERT INTO "laporan" VALUES (70,'LGP-08/01-0070','Gabriella Uyainah','+62 (60) 125 0026','Laporan 70 tentang Lampu Jalan Mati','Tolong segera ditindaklanjuti, ada Lampu Jalan Mati di wilayah Kupang.',3,'Langkapura','Bilabong Jaya',NULL,NULL,NULL,NULL,-5.40477945983948,105.232115284854,'Diproses',0,'2025-01-08');
INSERT INTO "laporan" VALUES (71,'KML-29/04-0071','Queen Laksmiwati','+62 (16) 763 0638','Laporan 71 tentang Ketertiban Umum','Tolong segera ditindaklanjuti, ada Ketertiban Umum di wilayah Tomohon.',6,'Kemiling','Beringin Raya',NULL,NULL,NULL,NULL,-5.40038717408594,105.210488334235,'Diterima',0,'2025-04-29');
INSERT INTO "laporan" VALUES (72,'WHM-01/06-0072','R. Suci Wibowo, M.M.','(0807) 719 5869','Laporan 72 tentang Lampu Jalan Mati','Laporan mengenai Lampu Jalan Mati. Lokasinya persis di depan PT Yulianti Maryadi.',3,'Way Halim','Gunung Sulah',NULL,NULL,NULL,NULL,-5.38753288491016,105.273666585495,'Diterima',0,'2025-06-01');
INSERT INTO "laporan" VALUES (73,'KML-11/06-0073','Drs. Gamanto Siregar','0892980111','Laporan 73 tentang Jalan Rusak','Laporan mengenai Jalan Rusak. Lokasinya persis di depan UD Sihotang (Persero) Tbk.',1,'Kemiling','Beringin Raya',NULL,NULL,NULL,NULL,-5.39648593304035,105.208094711647,'Diproses',0,'2025-06-11');
INSERT INTO "laporan" VALUES (74,'LGP-25/05-0074','Puti Ida Astuti','(0833) 984 4549','Laporan 74 tentang Drainase & Banjir','Tolong segera ditindaklanjuti, ada Drainase & Banjir di wilayah Singkawang.',4,'Langkapura','Bilabong Jaya',NULL,NULL,NULL,NULL,-5.40464309632967,105.226713197789,'Diterima',0,'2025-05-25');
INSERT INTO "laporan" VALUES (75,'RJB-15/02-0075','Ir. Kusuma Ramadan','080 412 0636','Laporan 75 tentang Pohon Tumbang / Berbahaya','Tolong segera ditindaklanjuti, ada Pohon Tumbang / Berbahaya di wilayah Ambon.',7,'Rajabasa','Rajabasa Jaya',NULL,NULL,NULL,NULL,-5.3720465560576,105.234506289597,'Diterima',0,'2025-02-15');
INSERT INTO "laporan" VALUES (76,'TBS-20/06-0076','Zulaikha Winarno','+62 (430) 744 3901','Laporan 76 tentang Jalan Rusak','Laporan mengenai Jalan Rusak. Lokasinya persis di depan Perum Napitupulu.',1,'Teluk Betung Selatan','Sumur Putri',NULL,NULL,NULL,NULL,-5.45637880808774,105.262032932153,'Diterima',0,'2025-06-20');
INSERT INTO "laporan" VALUES (77,'TSG-13/05-0077','Yuni Utami','+62 (024) 899-5456','Laporan 77 tentang Lainnya','Saya melihat ada masalah Lainnya di dekat Gg. Astana Anyar. Mohon bantuannya.',8,'Tanjung Senang','Way Kandis',NULL,NULL,NULL,NULL,-5.35877582377555,105.269581186806,'Diproses',0,'2025-05-13');
INSERT INTO "laporan" VALUES (78,'BMW-16/02-0078','Hana Mandasari','(007) 588 5531','Laporan 78 tentang Sampah & Kebersihan','Saya melihat ada masalah Sampah & Kebersihan di dekat Jl. M.H Thamrin. Mohon bantuannya.',2,'Bumi Waras','Sukaraja',NULL,NULL,NULL,NULL,-5.44968733053021,105.285434134775,'Diproses',0,'2025-02-16');
INSERT INTO "laporan" VALUES (79,'TKT-02/04-0079','Hamima Palastri','+62-0132-429-4459','Laporan 79 tentang Sampah & Kebersihan','Laporan mengenai Sampah & Kebersihan. Lokasinya persis di depan CV Simanjuntak Megantara.',2,'Tanjung Karang Timur','Sawah Brebes',NULL,NULL,NULL,NULL,-5.41553636683177,105.302569916076,'Diterima',0,'2025-04-02');
INSERT INTO "laporan" VALUES (80,'WHM-03/05-0080','Wani Kusumo','+62 (44) 788-5413','Laporan 80 tentang Fasilitas Umum Rusak','Saya melihat ada masalah Fasilitas Umum Rusak di dekat Jl. Suniaraja. Mohon bantuannya.',5,'Way Halim','Jagabaya III',NULL,NULL,NULL,NULL,-5.38668337969613,105.272734186432,'Selesai',0,'2025-05-03');
INSERT INTO "laporan" VALUES (81,'LGP-08/07-0081','Kiandra Mayasari','+62 (054) 450-3443','Laporan 81 tentang Lampu Jalan Mati','Tolong segera ditindaklanjuti, ada Lampu Jalan Mati di wilayah Sungai Penuh.',3,'Langkapura','Gunung Terang',NULL,NULL,NULL,NULL,-5.40418491648611,105.225789379525,'Selesai',0,'2025-07-08');
INSERT INTO "laporan" VALUES (82,'LGP-21/02-0082','Agnes Ardianto, S.E.I','+62 (099) 702 9604','Laporan 82 tentang Pohon Tumbang / Berbahaya','Tolong segera ditindaklanjuti, ada Pohon Tumbang / Berbahaya di wilayah Malang.',7,'Langkapura','Bilabong Jaya',NULL,NULL,NULL,NULL,-5.40107619561415,105.22866556497,'Selesai',0,'2025-02-21');
INSERT INTO "laporan" VALUES (83,'BMW-09/08-0083','Candrakanta Narpati, S.Kom','+62-083-200-4928','Laporan 83 tentang Fasilitas Umum Rusak','Saya melihat ada masalah Fasilitas Umum Rusak di dekat Jl. Ahmad Yani. Mohon bantuannya.',5,'Bumi Waras','Garuntang',NULL,NULL,NULL,NULL,-5.44625774480029,105.286272003402,'Diterima',0,'2025-08-09');
INSERT INTO "laporan" VALUES (84,'TKP-13/03-0084','Drs. Vega Mahendra','(006) 712 2612','Laporan 84 tentang Lampu Jalan Mati','Saya melihat ada masalah Lampu Jalan Mati di dekat Gg. Pasteur. Mohon bantuannya.',3,'Tanjung Karang Pusat','Durian Payung',NULL,NULL,NULL,NULL,-5.41835170467346,105.248881058257,'Diproses',0,'2025-03-13');
INSERT INTO "laporan" VALUES (85,'BMW-04/04-0085','Raharja Suartini, S.IP','089 341 8004','Laporan 85 tentang Drainase & Banjir','Laporan mengenai Drainase & Banjir. Lokasinya persis di depan PD Utami.',4,'Bumi Waras','Garuntang',NULL,NULL,NULL,NULL,-5.44235795841388,105.284208710641,'Diproses',0,'2025-04-04');
INSERT INTO "laporan" VALUES (86,'EGL-28/05-0086','Alika Nuraini','+62 (040) 213-9454','Laporan 86 tentang Lainnya','Saya melihat ada masalah Lainnya di dekat Gang BKR. Mohon bantuannya.',8,'Enggal','Pelita',NULL,NULL,NULL,NULL,-5.42425346762416,105.262185943551,'Diproses',0,'2025-05-28');
INSERT INTO "laporan" VALUES (87,'WHM-06/04-0087','Waluyo Halimah','(0787) 318-1446','Laporan 87 tentang Pohon Tumbang / Berbahaya','Laporan mengenai Pohon Tumbang / Berbahaya. Lokasinya persis di depan Perum Kurniawan Waskita.',7,'Way Halim','Gunung Sulah',NULL,NULL,NULL,NULL,-5.38766614344936,105.273979097005,'Diterima',0,'2025-04-06');
INSERT INTO "laporan" VALUES (88,'TSG-19/02-0088','Cawisono Yuniar, S.Sos','+62 (04) 172 2884','Laporan 88 tentang Jalan Rusak','Laporan mengenai Jalan Rusak. Lokasinya persis di depan PT Usada Tbk.',1,'Tanjung Senang','Tanjung Senang',NULL,NULL,NULL,NULL,-5.36478498926162,105.277941356261,'Diterima',0,'2025-02-19');
INSERT INTO "laporan" VALUES (89,'TBB-22/06-0089','Vero Najmudin','(058) 272-2502','Laporan 89 tentang Sampah & Kebersihan','Tolong segera ditindaklanjuti, ada Sampah & Kebersihan di wilayah Kendari.',2,'Teluk Betung Barat','Sukarame I',NULL,NULL,NULL,NULL,-5.46098259808382,105.234097782248,'Diterima',0,'2025-06-22');
INSERT INTO "laporan" VALUES (90,'TBU-01/02-0090','Titi Mulyani','084 144 1364','Laporan 90 tentang Lampu Jalan Mati','Tolong segera ditindaklanjuti, ada Lampu Jalan Mati di wilayah Samarinda.',3,'Teluk Betung Utara','Sumur Batu',NULL,NULL,NULL,NULL,-5.44055251004332,105.264973872394,'Diterima',0,'2025-02-01');
INSERT INTO "laporan" VALUES (91,'TBU-28/02-0091','Puspa Suwarno','+62 (048) 534-2012','Laporan 91 tentang Ketertiban Umum','Tolong segera ditindaklanjuti, ada Ketertiban Umum di wilayah Pekalongan.',6,'Teluk Betung Utara','Kupang Kota',NULL,NULL,NULL,NULL,-5.44154379995766,105.264737101248,'Selesai',0,'2025-02-28');
INSERT INTO "laporan" VALUES (92,'RJB-21/04-0092','Puti Yuni Wahyudin','+62 (050) 957 1705','Laporan 92 tentang Sampah & Kebersihan','Laporan mengenai Sampah & Kebersihan. Lokasinya persis di depan PD Mandasari Mustofa.',2,'Rajabasa','Rajabasa Jaya',NULL,NULL,NULL,NULL,-5.36669625948168,105.227974294618,'Diterima',0,'2025-04-21');
INSERT INTO "laporan" VALUES (93,'KML-14/06-0093','Adika Lazuardi','+62-0735-798-8105','Laporan 93 tentang Drainase & Banjir','Saya melihat ada masalah Drainase & Banjir di dekat Jalan S. Parman. Mohon bantuannya.',4,'Kemiling','Kemiling Permai',NULL,NULL,NULL,NULL,-5.4028474527165,105.208320050272,'Diterima',0,'2025-06-14');
INSERT INTO "laporan" VALUES (94,'BMW-24/05-0094','Dewi Simbolon, S.IP','+62-0398-030-8627','Laporan 94 tentang Fasilitas Umum Rusak','Laporan mengenai Fasilitas Umum Rusak. Lokasinya persis di depan CV Siregar Tbk.',5,'Bumi Waras','Bumi Waras',NULL,NULL,NULL,NULL,-5.44745930402501,105.286842827068,'Diproses',0,'2025-05-24');
INSERT INTO "laporan" VALUES (95,'TSG-24/06-0095','Waluyo Handayani, S.Kom','+62 (0483) 739 2273','Laporan 95 tentang Sampah & Kebersihan','Saya melihat ada masalah Sampah & Kebersihan di dekat Jalan Lembong. Mohon bantuannya.',2,'Tanjung Senang','Campang Raya',NULL,NULL,NULL,NULL,-5.35630801851197,105.273275988021,'Selesai',0,'2025-06-24');
INSERT INTO "laporan" VALUES (96,'KDT-13/01-0096','drg. Febi Farida, M.Pd','(022) 507 5782','Laporan 96 tentang Jalan Rusak','Laporan mengenai Jalan Rusak. Lokasinya persis di depan PD Prastuti Kuswoyo Tbk.',1,'Kedaton','Kedaton',NULL,NULL,NULL,NULL,-5.38905153669835,105.25383283379,'Diterima',0,'2025-01-13');
INSERT INTO "laporan" VALUES (97,'KDM-29/04-0097','Virman Dabukke','+62 (085) 426-8161','Laporan 97 tentang Lampu Jalan Mati','Laporan mengenai Lampu Jalan Mati. Lokasinya persis di depan CV Puspasari Yulianti Tbk.',3,'Kedamaian','Kedamaian',NULL,NULL,NULL,NULL,-5.42030598724169,105.293356555505,'Diterima',0,'2025-04-29');
INSERT INTO "laporan" VALUES (98,'TBU-19/08-0098','Daru Pangestu','+62 (735) 191-8572','Laporan 98 tentang Drainase & Banjir','Laporan mengenai Drainase & Banjir. Lokasinya persis di depan PT Prabowo Padmasari.',4,'Teluk Betung Utara','Gulak Galik',NULL,NULL,NULL,NULL,-5.4416507168514,105.261977434667,'Diterima',0,'2025-08-19');
INSERT INTO "laporan" VALUES (99,'KDT-30/07-0099','KH. Elon Dabukke, S.Pt','(092) 293 7452','Laporan 99 tentang Lampu Jalan Mati','Saya melihat ada masalah Lampu Jalan Mati di dekat Jl. Asia Afrika. Mohon bantuannya.',3,'Kedaton','Surabaya',NULL,NULL,NULL,NULL,-5.3953411365228,105.250080168906,'Diterima',0,'2025-07-30');
INSERT INTO "laporan" VALUES (100,'TBT-01/07-0100','Kasiyah Laksmiwati','+62-0567-065-2028','Laporan 100 tentang Sampah & Kebersihan','Saya melihat ada masalah Sampah & Kebersihan di dekat Gg. Veteran. Mohon bantuannya.',2,'Teluk Betung Timur','Perwata',NULL,NULL,NULL,NULL,-5.47348449928819,105.24750605284,'Selesai',0,'2025-07-01');
INSERT INTO "laporan" VALUES (101,'KDM-19/05-0101','Cut Fathonah Pertiwi','+62 (64) 000 7313','Laporan 101 tentang Lampu Jalan Mati','Saya melihat ada masalah Lampu Jalan Mati di dekat Jalan Otto Iskandardinata. Mohon bantuannya.',3,'Kedamaian','Tanjung Agung Raya',NULL,NULL,NULL,NULL,-5.41833588811214,105.286721036556,'Diproses',0,'2025-05-19');
INSERT INTO "laporan" VALUES (102,'KDT-21/08-0102','drg. Malika Namaga','0838910929','Laporan 102 tentang Ketertiban Umum','Laporan mengenai Ketertiban Umum. Lokasinya persis di depan CV Adriansyah.',6,'Kedaton','Penengahan',NULL,NULL,NULL,NULL,-5.39427319052312,105.255619370972,'Selesai',0,'2025-08-21');
INSERT INTO "laporan" VALUES (103,'TKP-10/05-0103','Intan Haryanto','+62-0092-040-6933','Laporan 103 tentang Jalan Rusak','Saya melihat ada masalah Jalan Rusak di dekat Jalan Yos Sudarso. Mohon bantuannya.',1,'Tanjung Karang Pusat','Durian Payung',NULL,NULL,NULL,NULL,-5.41984699856547,105.2510866092,'Selesai',0,'2025-05-10');
INSERT INTO "laporan" VALUES (104,'KDM-13/04-0104','Drs. Najam Napitupulu','+62 (021) 440-5787','Laporan 104 tentang Drainase & Banjir','Laporan mengenai Drainase & Banjir. Lokasinya persis di depan UD Mayasari (Persero) Tbk.',4,'Kedamaian','Tanjung Baru',NULL,NULL,NULL,NULL,-5.4192396552473,105.290435192568,'Diterima',0,'2025-04-13');
INSERT INTO "laporan" VALUES (105,'BMW-18/01-0105','Shania Hastuti','(044) 205-9159','Laporan 105 tentang Ketertiban Umum','Tolong segera ditindaklanjuti, ada Ketertiban Umum di wilayah Padang.',6,'Bumi Waras','Bumi Waras',NULL,NULL,NULL,NULL,-5.44195853601394,105.283900118177,'Selesai',0,'2025-01-18');
INSERT INTO "laporan" VALUES (106,'EGL-27/04-0106','Maida Saragih, S.Sos','+62-013-582-8986','Laporan 106 tentang Drainase & Banjir','Laporan mengenai Drainase & Banjir. Lokasinya persis di depan PT Laksita Maheswara.',4,'Enggal','Pelita',NULL,NULL,NULL,NULL,-5.42229534011437,105.269244404318,'Diterima',0,'2025-04-27');
INSERT INTO "laporan" VALUES (107,'SKR-16/05-0107','Taufan Hariyah','+62 (018) 703 6381','Laporan 107 tentang Lainnya','Saya melihat ada masalah Lainnya di dekat Jl. S. Parman. Mohon bantuannya.',8,'Sukarame','Way Dadi',NULL,NULL,NULL,NULL,-5.39665613802499,105.293880994866,'Selesai',0,'2025-05-16');
INSERT INTO "laporan" VALUES (108,'BMW-28/03-0108','Upik Agustina','(020) 861-2537','Laporan 108 tentang Drainase & Banjir','Laporan mengenai Drainase & Banjir. Lokasinya persis di depan Perum Gunarto (Persero) Tbk.',4,'Bumi Waras','Sukaraja',NULL,NULL,NULL,NULL,-5.44630993972123,105.290700501593,'Selesai',0,'2025-03-28');
INSERT INTO "laporan" VALUES (109,'WHM-29/06-0109','Vino Novitasari','0821865730','Laporan 109 tentang Fasilitas Umum Rusak','Laporan mengenai Fasilitas Umum Rusak. Lokasinya persis di depan PT Suartini Tbk.',5,'Way Halim','Gunung Sulah',NULL,NULL,NULL,NULL,-5.38328985774051,105.274837136841,'Selesai',0,'2025-06-29');
INSERT INTO "laporan" VALUES (110,'WHM-11/04-0110','Calista Purwanti','+62 (0210) 612-9239','Laporan 110 tentang Ketertiban Umum','Tolong segera ditindaklanjuti, ada Ketertiban Umum di wilayah Bau-Bau.',6,'Way Halim','Gunung Sulah',NULL,NULL,NULL,NULL,-5.39074075911808,105.28104214961,'Diproses',0,'2025-04-11');
INSERT INTO "laporan" VALUES (111,'EGL-18/01-0111','T. Simon Waluyo, S.Pd','+62 (471) 940 3489','Laporan 111 tentang Ketertiban Umum','Saya melihat ada masalah Ketertiban Umum di dekat Gg. Ciumbuleuit. Mohon bantuannya.',6,'Enggal','Pelita',NULL,NULL,NULL,NULL,-5.42582907371609,105.265446133316,'Diproses',0,'2025-01-18');
INSERT INTO "laporan" VALUES (112,'KDT-25/03-0112','Paris Andriani','(015) 264-3770','Laporan 112 tentang Ketertiban Umum','Saya melihat ada masalah Ketertiban Umum di dekat Gg. Cempaka. Mohon bantuannya.',6,'Kedaton','Kedaton',NULL,NULL,NULL,NULL,-5.3889694245257,105.252234394109,'Selesai',0,'2025-03-25');
INSERT INTO "laporan" VALUES (113,'WHM-15/05-0113','H. Kenari Palastri, M.Ak','+62 (405) 729-7249','Laporan 113 tentang Lampu Jalan Mati','Laporan mengenai Lampu Jalan Mati. Lokasinya persis di depan PD Prastuti Melani Tbk.',3,'Way Halim','Way Halim Permai',NULL,NULL,NULL,NULL,-5.38876494952407,105.279251709271,'Selesai',0,'2025-05-15');
INSERT INTO "laporan" VALUES (114,'EGL-15/05-0114','Ir. Gawati Saragih','+62 (0847) 662 4998','Laporan 114 tentang Lainnya','Saya melihat ada masalah Lainnya di dekat Jl. Peta. Mohon bantuannya.',8,'Enggal','Tanjung Karang',NULL,NULL,NULL,NULL,-5.41964351025496,105.267781385533,'Diproses',0,'2025-05-15');
INSERT INTO "laporan" VALUES (115,'TBB-30/05-0115','Irma Widodo','(0391) 859 5318','Laporan 115 tentang Jalan Rusak','Laporan mengenai Jalan Rusak. Lokasinya persis di depan UD Riyanti Prayoga (Persero) Tbk.',1,'Teluk Betung Barat','Bakung',NULL,NULL,NULL,NULL,-5.45710047573845,105.236528674376,'Selesai',0,'2025-05-30');
INSERT INTO "laporan" VALUES (116,'PJG-03/07-0116','Cut Sarah Lazuardi','(0835) 011-8434','Laporan 116 tentang Sampah & Kebersihan','Laporan mengenai Sampah & Kebersihan. Lokasinya persis di depan Perum Hardiansyah (Persero) Tbk.',2,'Panjang','Karang Maritim',NULL,NULL,NULL,NULL,-5.45269489699514,105.31896382024,'Diproses',0,'2025-07-03');
INSERT INTO "laporan" VALUES (117,'EGL-16/02-0117','Ellis Wibisono, S.H.','+62 (06) 936-3404','Laporan 117 tentang Jalan Rusak','Tolong segera ditindaklanjuti, ada Jalan Rusak di wilayah Payakumbuh.',1,'Enggal','Pahoman',NULL,NULL,NULL,NULL,-5.42449069204085,105.26100160784,'Diterima',0,'2025-02-16');
INSERT INTO "laporan" VALUES (118,'KML-23/03-0118','Gilang Safitri, M.M.','+62 (87) 054 0649','Laporan 118 tentang Sampah & Kebersihan','Laporan mengenai Sampah & Kebersihan. Lokasinya persis di depan UD Agustina Pratama (Persero) Tbk.',2,'Kemiling','Pinang Jaya',NULL,NULL,NULL,NULL,-5.4000446917766,105.209217738717,'Selesai',0,'2025-03-23');
INSERT INTO "laporan" VALUES (119,'KML-11/07-0119','Suci Kurniawan','0888847491','Laporan 119 tentang Sampah & Kebersihan','Tolong segera ditindaklanjuti, ada Sampah & Kebersihan di wilayah Cilegon.',2,'Kemiling','Pinang Jaya',NULL,NULL,NULL,NULL,-5.39741597220678,105.210770242953,'Selesai',0,'2025-07-11');
INSERT INTO "laporan" VALUES (120,'TKP-19/03-0120','Fitriani Wahyudin, S.Farm','+62-004-482-0739','Laporan 120 tentang Ketertiban Umum','Tolong segera ditindaklanjuti, ada Ketertiban Umum di wilayah Jambi.',6,'Tanjung Karang Pusat','Durian Payung',NULL,NULL,NULL,NULL,-5.41874774368111,105.251185330861,'Selesai',0,'2025-03-19');
INSERT INTO "laporan" VALUES (121,'TBS-13/01-0121','Ayu Halim, S.Gz','0864196085','Laporan 121 tentang Sampah & Kebersihan','Laporan mengenai Sampah & Kebersihan. Lokasinya persis di depan UD Saputra Anggriawan (Persero) Tbk.',2,'Teluk Betung Selatan','Gedong Pakuon',NULL,NULL,NULL,NULL,-5.45271416696152,105.260650234919,'Diterima',0,'2025-01-13');
INSERT INTO "laporan" VALUES (122,'BMW-25/07-0122','Nugraha Setiawan, S.Pd','+62 (0416) 164 0607','Laporan 122 tentang Fasilitas Umum Rusak','Saya melihat ada masalah Fasilitas Umum Rusak di dekat Gg. Cihampelas. Mohon bantuannya.',5,'Bumi Waras','Garuntang',NULL,NULL,NULL,NULL,-5.44339719992681,105.283751950167,'Diproses',0,'2025-07-25');
INSERT INTO "laporan" VALUES (123,'SKR-25/01-0123','Eluh Palastri','(0761) 787-6286','Laporan 123 tentang Jalan Rusak','Tolong segera ditindaklanjuti, ada Jalan Rusak di wilayah Palopo.',1,'Sukarame','Way Dadi',NULL,NULL,NULL,NULL,-5.39061479425666,105.288515322003,'Diproses',0,'2025-01-25');
INSERT INTO "laporan" VALUES (124,'SKR-08/07-0124','Kasusra Hidayat, S.Kom','+62 (072) 389 1231','Laporan 124 tentang Drainase & Banjir','Tolong segera ditindaklanjuti, ada Drainase & Banjir di wilayah Tarakan.',4,'Sukarame','Sukarame',NULL,NULL,NULL,NULL,-5.39167888783206,105.291568324107,'Selesai',0,'2025-07-08');
INSERT INTO "laporan" VALUES (125,'KDT-04/06-0125','Cut Amalia Hardiansyah','+62 (0200) 207 7482','Laporan 125 tentang Pohon Tumbang / Berbahaya','Saya melihat ada masalah Pohon Tumbang / Berbahaya di dekat Gang Sentot Alibasa. Mohon bantuannya.',7,'Kedaton','Kedaton',NULL,NULL,NULL,NULL,-5.39130780729061,105.254634822449,'Selesai',0,'2025-06-04');
INSERT INTO "laporan" VALUES (126,'KML-13/08-0126','Kayun Wahyuni','+62 (0362) 492-9547','Laporan 126 tentang Lainnya','Tolong segera ditindaklanjuti, ada Lainnya di wilayah Tasikmalaya.',8,'Kemiling','Pinang Jaya',NULL,NULL,NULL,NULL,-5.39907329170199,105.20953326727,'Selesai',0,'2025-08-13');
INSERT INTO "laporan" VALUES (127,'PJG-19/01-0127','Edi Budiman','+62 (0757) 412 0819','Laporan 127 tentang Lainnya','Tolong segera ditindaklanjuti, ada Lainnya di wilayah Pematangsiantar.',8,'Panjang','Panjang Utara',NULL,NULL,NULL,NULL,-5.45999015758847,105.313416408407,'Diproses',0,'2025-01-19');
INSERT INTO "laporan" VALUES (128,'TKB-10/08-0128','dr. Indah Nashiruddin, M.Farm','081 348 8072','Laporan 128 tentang Pohon Tumbang / Berbahaya','Laporan mengenai Pohon Tumbang / Berbahaya. Lokasinya persis di depan UD Waluyo.',7,'Tanjung Karang Barat','Kelapa Tiga',NULL,NULL,NULL,NULL,-5.39922484206228,105.217559179019,'Selesai',0,'2025-08-10');
INSERT INTO "laporan" VALUES (129,'SKR-29/07-0129','Adikara Mulyani','+62 (089) 616 1886','Laporan 129 tentang Fasilitas Umum Rusak','Tolong segera ditindaklanjuti, ada Fasilitas Umum Rusak di wilayah Prabumulih.',5,'Sukarame','Way Dadi',NULL,NULL,NULL,NULL,-5.3934140753404,105.289464746176,'Diterima',0,'2025-07-29');
INSERT INTO "laporan" VALUES (130,'TSG-10/08-0130','Sutan Marsudi Melani','(0340) 441-2144','Laporan 130 tentang Ketertiban Umum','Saya melihat ada masalah Ketertiban Umum di dekat Jalan Jend. Sudirman. Mohon bantuannya.',6,'Tanjung Senang','Pematang Wangi',NULL,NULL,NULL,NULL,-5.36061270211398,105.268749150496,'Diproses',0,'2025-08-10');
INSERT INTO "laporan" VALUES (131,'TBS-13/03-0131','Bakijan Purnawati','+62 (078) 984-8743','Laporan 131 tentang Ketertiban Umum','Laporan mengenai Ketertiban Umum. Lokasinya persis di depan CV Ramadan.',6,'Teluk Betung Selatan','Sumur Putri',NULL,NULL,NULL,NULL,-5.45577842183882,105.261272561654,'Diterima',0,'2025-03-13');
INSERT INTO "laporan" VALUES (132,'TBS-25/08-0132','Kajen Yuniar','+62-0188-000-1966','Laporan 132 tentang Pohon Tumbang / Berbahaya','Tolong segera ditindaklanjuti, ada Pohon Tumbang / Berbahaya di wilayah Dumai.',7,'Teluk Betung Selatan','Pesawahan',NULL,NULL,NULL,NULL,-5.45180433650615,105.258234768511,'Diterima',0,'2025-08-25');
INSERT INTO "laporan" VALUES (133,'KDM-18/06-0133','Kasiyah Utami','(0445) 354 3572','Laporan 133 tentang Ketertiban Umum','Laporan mengenai Ketertiban Umum. Lokasinya persis di depan Perum Handayani Tbk.',6,'Kedamaian','Tanjung Baru',NULL,NULL,NULL,NULL,-5.41763663270213,105.29436141421,'Diproses',0,'2025-06-18');
INSERT INTO "laporan" VALUES (134,'TBU-16/04-0134','Garda Sinaga','(0972) 294-6515','Laporan 134 tentang Ketertiban Umum','Saya melihat ada masalah Ketertiban Umum di dekat Gang Rungkut Industri. Mohon bantuannya.',6,'Teluk Betung Utara','Kupang Raya',NULL,NULL,NULL,NULL,-5.43735951581583,105.262164782198,'Diterima',0,'2025-04-16');
INSERT INTO "laporan" VALUES (135,'TSG-22/01-0135','Endah Saputra','(0660) 545-9345','Laporan 135 tentang Sampah & Kebersihan','Tolong segera ditindaklanjuti, ada Sampah & Kebersihan di wilayah Payakumbuh.',2,'Tanjung Senang','Pematang Wangi',NULL,NULL,NULL,NULL,-5.35523124292063,105.269187095534,'Selesai',0,'2025-01-22');
INSERT INTO "laporan" VALUES (136,'KDT-20/06-0136','Yance Rajata','+62-0160-971-7831','Laporan 136 tentang Jalan Rusak','Laporan mengenai Jalan Rusak. Lokasinya persis di depan CV Adriansyah Tbk.',1,'Kedaton','Sidodadi',NULL,NULL,NULL,NULL,-5.38679971650013,105.257825256547,'Diproses',0,'2025-06-20');
INSERT INTO "laporan" VALUES (137,'TKB-06/01-0137','Titi Setiawan','+62-066-672-5471','Laporan 137 tentang Jalan Rusak','Tolong segera ditindaklanjuti, ada Jalan Rusak di wilayah Sukabumi.',1,'Tanjung Karang Barat','Kelapa Tiga',NULL,NULL,NULL,NULL,-5.3968064451605,105.223314353277,'Selesai',0,'2025-01-06');
INSERT INTO "laporan" VALUES (138,'TBU-02/07-0138','Asmuni Firgantoro','+62 (0730) 551-1814','Laporan 138 tentang Lampu Jalan Mati','Tolong segera ditindaklanjuti, ada Lampu Jalan Mati di wilayah Depok.',3,'Teluk Betung Utara','Kupang Raya',NULL,NULL,NULL,NULL,-5.43754158837179,105.262979044315,'Diproses',0,'2025-07-02');
INSERT INTO "laporan" VALUES (139,'KDM-21/04-0139','Wisnu Halimah, S.E.','+62 (82) 079-8803','Laporan 139 tentang Lampu Jalan Mati','Laporan mengenai Lampu Jalan Mati. Lokasinya persis di depan PT Mardhiyah Habibi.',3,'Kedamaian','Tanjung Agung Raya',NULL,NULL,NULL,NULL,-5.41908543145365,105.292124008583,'Selesai',0,'2025-04-21');
INSERT INTO "laporan" VALUES (140,'TSG-30/05-0140','Mumpuni Sirait, S.Gz','+62 (056) 266 4650','Laporan 140 tentang Fasilitas Umum Rusak','Tolong segera ditindaklanjuti, ada Fasilitas Umum Rusak di wilayah Probolinggo.',5,'Tanjung Senang','Way Kandis',NULL,NULL,NULL,NULL,-5.3632922127059,105.274285612497,'Diterima',0,'2025-05-30');
INSERT INTO "laporan" VALUES (141,'TBT-11/03-0141','Patricia Hakim','+62-294-352-1737','Laporan 141 tentang Ketertiban Umum','Tolong segera ditindaklanjuti, ada Ketertiban Umum di wilayah Ambon.',6,'Teluk Betung Timur','Kota Karang',NULL,NULL,NULL,NULL,-5.46688877343541,105.249383888644,'Selesai',0,'2025-03-11');
INSERT INTO "laporan" VALUES (142,'TKT-09/07-0142','Tiara Megantara','0889951552','Laporan 142 tentang Sampah & Kebersihan','Saya melihat ada masalah Sampah & Kebersihan di dekat Gg. Ciwastra. Mohon bantuannya.',2,'Tanjung Karang Timur','Sawah Lama',NULL,NULL,NULL,NULL,-5.41595515723714,105.295753813824,'Diterima',0,'2025-07-09');
INSERT INTO "laporan" VALUES (143,'SKR-09/07-0143','Cayadi Suryatmi, M.TI.','+62 (057) 811 9035','Laporan 143 tentang Jalan Rusak','Saya melihat ada masalah Jalan Rusak di dekat Jl. Tubagus Ismail. Mohon bantuannya.',1,'Sukarame','Way Dadi',NULL,NULL,NULL,NULL,-5.39561036255005,105.290428056875,'Diproses',0,'2025-07-09');
INSERT INTO "laporan" VALUES (144,'LGP-30/07-0144','Tina Nashiruddin','+62-0875-372-5232','Laporan 144 tentang Lampu Jalan Mati','Tolong segera ditindaklanjuti, ada Lampu Jalan Mati di wilayah Tomohon.',3,'Langkapura','Langkapura',NULL,NULL,NULL,NULL,-5.40271954696826,105.225340209424,'Diproses',0,'2025-07-30');
INSERT INTO "laporan" VALUES (145,'TBB-27/01-0145','Jelita Rahmawati','0806633466','Laporan 145 tentang Lampu Jalan Mati','Laporan mengenai Lampu Jalan Mati. Lokasinya persis di depan Perum Nasyiah.',3,'Teluk Betung Barat','Sukarame I',NULL,NULL,NULL,NULL,-5.45410163296093,105.242917879255,'Selesai',0,'2025-01-27');
INSERT INTO "laporan" VALUES (146,'TBU-13/04-0146','Sabrina Mahendra','0803252006','Laporan 146 tentang Drainase & Banjir','Laporan mengenai Drainase & Banjir. Lokasinya persis di depan PD Winarno (Persero) Tbk.',4,'Teluk Betung Utara','Sumur Batu',NULL,NULL,NULL,NULL,-5.43475053346744,105.264276071737,'Selesai',0,'2025-04-13');
INSERT INTO "laporan" VALUES (147,'EGL-14/02-0147','H. Prasetyo Mulyani, S.H.','+62-033-369-5299','Laporan 147 tentang Pohon Tumbang / Berbahaya','Saya melihat ada masalah Pohon Tumbang / Berbahaya di dekat Jl. Pacuan Kuda. Mohon bantuannya.',7,'Enggal','Pelita',NULL,NULL,NULL,NULL,-5.42261164322863,105.267554751302,'Selesai',0,'2025-02-14');
INSERT INTO "laporan" VALUES (148,'BMW-07/08-0148','Ida Melani','(026) 870-1690','Laporan 148 tentang Fasilitas Umum Rusak','Saya melihat ada masalah Fasilitas Umum Rusak di dekat Gang Cikapayang. Mohon bantuannya.',5,'Bumi Waras','Kangkung',NULL,NULL,NULL,NULL,-5.4496550216864,105.287242913511,'Diproses',0,'2025-08-07');
INSERT INTO "laporan" VALUES (149,'WHM-24/02-0149','Agnes Saptono, S.Farm','084 683 4161','Laporan 149 tentang Sampah & Kebersihan','Tolong segera ditindaklanjuti, ada Sampah & Kebersihan di wilayah Pekalongan.',2,'Way Halim','Jagabaya II',NULL,NULL,NULL,NULL,-5.38768025817396,105.274139805637,'Diterima',0,'2025-02-24');
INSERT INTO "laporan" VALUES (150,'TBU-16/03-0150','R.A. Sari Narpati, S.Ked','+62 (70) 587-0919','Laporan 150 tentang Ketertiban Umum','Tolong segera ditindaklanjuti, ada Ketertiban Umum di wilayah Jambi.',6,'Teluk Betung Utara','Sumur Batu',NULL,NULL,NULL,NULL,-5.43850214013027,105.257742999082,'Selesai',0,'2025-03-16');
INSERT INTO "laporan" VALUES (151,'KDT-09/04-0151','Rama Rahimah','+62 (806) 683-6515','Laporan 151 tentang Drainase & Banjir','Laporan mengenai Drainase & Banjir. Lokasinya persis di depan UD Thamrin.',4,'Kedaton','Kedaton',NULL,NULL,NULL,NULL,-5.38595091069125,105.252808317342,'Diproses',0,'2025-04-09');
INSERT INTO "laporan" VALUES (152,'TKP-22/02-0152','Queen Anggraini','+62-0499-164-9533','Laporan 152 tentang Pohon Tumbang / Berbahaya','Saya melihat ada masalah Pohon Tumbang / Berbahaya di dekat Jalan Indragiri. Mohon bantuannya.',7,'Tanjung Karang Pusat','Kelapa Tiga Permai',NULL,NULL,NULL,NULL,-5.41406281509929,105.247199674917,'Selesai',0,'2025-02-22');
INSERT INTO "laporan" VALUES (153,'LGP-02/02-0153','dr. Bakianto Setiawan','(050) 682 2234','Laporan 153 tentang Fasilitas Umum Rusak','Saya melihat ada masalah Fasilitas Umum Rusak di dekat Gg. Cikutra Timur. Mohon bantuannya.',5,'Langkapura','Langkapura Baru',NULL,NULL,NULL,NULL,-5.39710204186771,105.227199972883,'Diproses',0,'2025-02-02');
INSERT INTO "laporan" VALUES (154,'PJG-23/04-0154','Dr. Lasmono Hardiansyah, S.Ked','+62-0703-049-5024','Laporan 154 tentang Lampu Jalan Mati','Laporan mengenai Lampu Jalan Mati. Lokasinya persis di depan Perum Irawan (Persero) Tbk.',3,'Panjang','Pidada',NULL,NULL,NULL,NULL,-5.45783793644033,105.318193551754,'Diproses',0,'2025-04-23');
INSERT INTO "laporan" VALUES (155,'TBT-30/04-0155','Nadia Wibisono','+62-189-238-8633','Laporan 155 tentang Jalan Rusak','Laporan mengenai Jalan Rusak. Lokasinya persis di depan PT Tampubolon Yuniar Tbk.',1,'Teluk Betung Timur','Keteguhan',NULL,NULL,NULL,NULL,-5.4709084435851,105.248953161573,'Diproses',0,'2025-04-30');
INSERT INTO "laporan" VALUES (156,'TBS-20/02-0156','Emas Nasyiah','+62-99-097-7711','Laporan 156 tentang Jalan Rusak','Tolong segera ditindaklanjuti, ada Jalan Rusak di wilayah Samarinda.',1,'Teluk Betung Selatan','Teluk Betung',NULL,NULL,NULL,NULL,-5.45187119390166,105.259484207981,'Diproses',0,'2025-02-20');
INSERT INTO "laporan" VALUES (157,'PJG-13/01-0157','Dr. Jessica Laksmiwati, S.Pt','+62 (38) 233-8962','Laporan 157 tentang Drainase & Banjir','Laporan mengenai Drainase & Banjir. Lokasinya persis di depan PD Mandala (Persero) Tbk.',4,'Panjang','Panjang Selatan',NULL,NULL,NULL,NULL,-5.45323539026599,105.315536403981,'Diterima',0,'2025-01-13');
INSERT INTO "laporan" VALUES (158,'PJG-27/01-0158','Michelle Andriani','(0686) 155-7498','Laporan 158 tentang Jalan Rusak','Laporan mengenai Jalan Rusak. Lokasinya persis di depan CV Aryani (Persero) Tbk.',1,'Panjang','Panjang Selatan',NULL,NULL,NULL,NULL,-5.45802073292071,105.316883083824,'Selesai',0,'2025-01-27');
INSERT INTO "laporan" VALUES (159,'TBB-12/03-0159','Eluh Hariyah','+62 (0046) 125-2489','Laporan 159 tentang Fasilitas Umum Rusak','Laporan mengenai Fasilitas Umum Rusak. Lokasinya persis di depan CV Nugroho (Persero) Tbk.',5,'Teluk Betung Barat','Bakung',NULL,NULL,NULL,NULL,-5.45733360288138,105.234514722249,'Diproses',0,'2025-03-12');
INSERT INTO "laporan" VALUES (160,'LRT-03/08-0160','dr. Shania Damanik, S.Pd','+62-410-664-8158','Laporan 160 tentang Sampah & Kebersihan','Laporan mengenai Sampah & Kebersihan. Lokasinya persis di depan CV Samosir.',2,'Labuhan Ratu','Kota Sepang',NULL,NULL,NULL,NULL,-5.36152238997898,105.252820096167,'Diproses',0,'2025-08-03');
INSERT INTO "laporan" VALUES (161,'SKR-27/03-0161','Ana Puspasari, S.E.I','+62-084-466-7204','Laporan 161 tentang Lainnya','Tolong segera ditindaklanjuti, ada Lainnya di wilayah Salatiga.',8,'Sukarame','Korpri Raya',NULL,NULL,NULL,NULL,-5.39528026086024,105.285320601228,'Selesai',0,'2025-03-27');
INSERT INTO "laporan" VALUES (162,'KML-20/04-0162','T. Dimaz Rahmawati, S.Pt','+62 (080) 583 8542','Laporan 162 tentang Ketertiban Umum','Tolong segera ditindaklanjuti, ada Ketertiban Umum di wilayah Dumai.',6,'Kemiling','Beringin Raya',NULL,NULL,NULL,NULL,-5.39890956818788,105.210160677647,'Selesai',0,'2025-04-20');
INSERT INTO "laporan" VALUES (163,'RJB-07/08-0163','Harsaya Pratama','(0922) 170-2023','Laporan 163 tentang Pohon Tumbang / Berbahaya','Laporan mengenai Pohon Tumbang / Berbahaya. Lokasinya persis di depan Perum Sirait (Persero) Tbk.',7,'Rajabasa','Rajabasa Nunyai',NULL,NULL,NULL,NULL,-5.36891764683867,105.235184611011,'Diterima',0,'2025-08-07');
INSERT INTO "laporan" VALUES (164,'KML-29/03-0164','Hardi Astuti, M.Pd','+62 (063) 047 3976','Laporan 164 tentang Sampah & Kebersihan','Saya melihat ada masalah Sampah & Kebersihan di dekat Gang Gegerkalong Hilir. Mohon bantuannya.',2,'Kemiling','Pinang Jaya',NULL,NULL,NULL,NULL,-5.39656236480347,105.208926700664,'Diterima',0,'2025-03-29');
INSERT INTO "laporan" VALUES (165,'TKT-22/01-0165','R.A. Natalia Kuswoyo','+62 (49) 933-9566','Laporan 165 tentang Lampu Jalan Mati','Saya melihat ada masalah Lampu Jalan Mati di dekat Gang Sentot Alibasa. Mohon bantuannya.',3,'Tanjung Karang Timur','Kota Baru',NULL,NULL,NULL,NULL,-5.410807269815,105.295657290619,'Diproses',0,'2025-01-22');
INSERT INTO "laporan" VALUES (166,'TSG-08/03-0166','drg. Mursinin Widiastuti, S.E.I','+62-874-485-0027','Laporan 166 tentang Jalan Rusak','Saya melihat ada masalah Jalan Rusak di dekat Gg. Jayawijaya. Mohon bantuannya.',1,'Tanjung Senang','Pematang Wangi',NULL,NULL,NULL,NULL,-5.36025470851036,105.270175080552,'Diproses',0,'2025-03-08');
INSERT INTO "laporan" VALUES (167,'PJG-27/01-0167','Karman Susanti','(0042) 442-2540','Laporan 167 tentang Drainase & Banjir','Laporan mengenai Drainase & Banjir. Lokasinya persis di depan Perum Hutagalung Padmasari (Persero) Tbk.',4,'Panjang','Srengsem',NULL,NULL,NULL,NULL,-5.45232404367806,105.322820879383,'Selesai',0,'2025-01-27');
INSERT INTO "laporan" VALUES (168,'SKR-21/08-0168','Kemal Prayoga','+62-0785-795-0712','Laporan 168 tentang Lainnya','Saya melihat ada masalah Lainnya di dekat Jl. Gardujati. Mohon bantuannya.',8,'Sukarame','Korpri Raya',NULL,NULL,NULL,NULL,-5.3950952355757,105.286163565054,'Selesai',0,'2025-08-21');
INSERT INTO "laporan" VALUES (169,'SKR-21/06-0169','Gading Prayoga','+62 (087) 623-2003','Laporan 169 tentang Fasilitas Umum Rusak','Laporan mengenai Fasilitas Umum Rusak. Lokasinya persis di depan PT Anggraini.',5,'Sukarame','Sukarame',NULL,NULL,NULL,NULL,-5.38996166435934,105.292576369313,'Selesai',0,'2025-06-21');
INSERT INTO "laporan" VALUES (170,'SKR-21/07-0170','Zamira Aryani','(025) 611 4952','Laporan 170 tentang Jalan Rusak','Tolong segera ditindaklanjuti, ada Jalan Rusak di wilayah Tebingtinggi.',1,'Sukarame','Way Dadi',NULL,NULL,NULL,NULL,-5.3964703382483,105.293217582553,'Selesai',0,'2025-07-21');
INSERT INTO "laporan" VALUES (171,'PJG-25/05-0171','Ina Ardianto','(0955) 396-6245','Laporan 171 tentang Jalan Rusak','Laporan mengenai Jalan Rusak. Lokasinya persis di depan Perum Sitompul Astuti.',1,'Panjang','Karang Maritim',NULL,NULL,NULL,NULL,-5.45742726097139,105.321294013733,'Selesai',0,'2025-05-25');
INSERT INTO "laporan" VALUES (172,'TKB-27/01-0172','Qori Waluyo','+62 (0274) 302 3386','Laporan 172 tentang Ketertiban Umum','Tolong segera ditindaklanjuti, ada Ketertiban Umum di wilayah Cirebon.',6,'Tanjung Karang Barat','Gedong Air',NULL,NULL,NULL,NULL,-5.40263147028561,105.221998814855,'Diproses',0,'2025-01-27');
INSERT INTO "laporan" VALUES (173,'BMW-11/03-0173','Marsudi Iswahyudi','+62-055-997-8061','Laporan 173 tentang Pohon Tumbang / Berbahaya','Laporan mengenai Pohon Tumbang / Berbahaya. Lokasinya persis di depan UD Mahendra (Persero) Tbk.',7,'Bumi Waras','Sukaraja',NULL,NULL,NULL,NULL,-5.44049048505905,105.286201854671,'Selesai',0,'2025-03-11');
INSERT INTO "laporan" VALUES (174,'KDT-21/07-0174','Salsabila Nuraini','0815191221','Laporan 174 tentang Ketertiban Umum','Laporan mengenai Ketertiban Umum. Lokasinya persis di depan PT Saptono Purwanti.',6,'Kedaton','Sidodadi',NULL,NULL,NULL,NULL,-5.39540846988472,105.253637652162,'Selesai',0,'2025-07-21');
INSERT INTO "laporan" VALUES (175,'TKT-27/03-0175','Damar Safitri','+62 (67) 712 7472','Laporan 175 tentang Drainase & Banjir','Laporan mengenai Drainase & Banjir. Lokasinya persis di depan Perum Santoso.',4,'Tanjung Karang Timur','Kota Baru',NULL,NULL,NULL,NULL,-5.40849610856123,105.294455697296,'Selesai',0,'2025-03-27');
INSERT INTO "laporan" VALUES (176,'KML-03/07-0176','Ir. Caket Latupono, S.I.Kom','+62 (91) 282-0321','Laporan 176 tentang Jalan Rusak','Saya melihat ada masalah Jalan Rusak di dekat Jl. Abdul Muis. Mohon bantuannya.',1,'Kemiling','Sumber Agung',NULL,NULL,NULL,NULL,-5.40170870443881,105.212489319768,'Selesai',0,'2025-07-03');
INSERT INTO "laporan" VALUES (177,'TKB-23/05-0177','Dt. Lega Sihotang, S.Gz','+62 (0052) 159-0326','Laporan 177 tentang Pohon Tumbang / Berbahaya','Laporan mengenai Pohon Tumbang / Berbahaya. Lokasinya persis di depan PD Natsir Hariyah (Persero) Tbk.',7,'Tanjung Karang Barat','Sukarame II',NULL,NULL,NULL,NULL,-5.40540809303414,105.223919941483,'Selesai',0,'2025-05-23');
INSERT INTO "laporan" VALUES (178,'TBS-14/03-0178','Harsaya Puspita','089 417 5693','Laporan 178 tentang Jalan Rusak','Saya melihat ada masalah Jalan Rusak di dekat Gg. Jayawijaya. Mohon bantuannya.',1,'Teluk Betung Selatan','Gedong Pakuon',NULL,NULL,NULL,NULL,-5.4557525507241,105.2555491534,'Diproses',0,'2025-03-14');
INSERT INTO "laporan" VALUES (179,'TKP-27/01-0179','Usyi Yuliarti','+62 (067) 681-4443','Laporan 179 tentang Lampu Jalan Mati','Saya melihat ada masalah Lampu Jalan Mati di dekat Gang W.R. Supratman. Mohon bantuannya.',3,'Tanjung Karang Pusat','Durian Payung',NULL,NULL,NULL,NULL,-5.4195894071647,105.247709625698,'Diterima',0,'2025-01-27');
INSERT INTO "laporan" VALUES (180,'WHM-27/04-0180','Ulva Wijaya','+62 (046) 925 3632','Laporan 180 tentang Drainase & Banjir','Tolong segera ditindaklanjuti, ada Drainase & Banjir di wilayah Pematangsiantar.',4,'Way Halim','Gunung Sulah',NULL,NULL,NULL,NULL,-5.39159575517606,105.272893197196,'Diproses',0,'2025-04-27');
INSERT INTO "laporan" VALUES (181,'BMW-18/04-0181','Mutia Adriansyah','(0863) 320 4405','Laporan 181 tentang Sampah & Kebersihan','Laporan mengenai Sampah & Kebersihan. Lokasinya persis di depan CV Laksmiwati Tamba Tbk.',2,'Bumi Waras','Garuntang',NULL,NULL,NULL,NULL,-5.4474158346969,105.281938201062,'Selesai',0,'2025-04-18');
INSERT INTO "laporan" VALUES (182,'LRT-21/02-0182','H. Argono Megantara, S.IP','+62 (059) 947-1595','Laporan 182 tentang Fasilitas Umum Rusak','Saya melihat ada masalah Fasilitas Umum Rusak di dekat Jalan M.T Haryono. Mohon bantuannya.',5,'Labuhan Ratu','Kota Sepang',NULL,NULL,NULL,NULL,-5.35765884487282,105.250540214336,'Selesai',0,'2025-02-21');
INSERT INTO "laporan" VALUES (183,'PJG-15/05-0183','R. Rini Halim','+62 (572) 031 2696','Laporan 183 tentang Lampu Jalan Mati','Tolong segera ditindaklanjuti, ada Lampu Jalan Mati di wilayah Metro.',3,'Panjang','Pidada',NULL,NULL,NULL,NULL,-5.4551249884727,105.319161724599,'Diterima',0,'2025-05-15');
INSERT INTO "laporan" VALUES (184,'KDM-22/04-0184','Darmanto Haryanti','+62 (37) 876-5159','Laporan 184 tentang Fasilitas Umum Rusak','Saya melihat ada masalah Fasilitas Umum Rusak di dekat Jalan W.R. Supratman. Mohon bantuannya.',5,'Kedamaian','Tanjung Gading',NULL,NULL,NULL,NULL,-5.41481534047036,105.284978915396,'Selesai',0,'2025-04-22');
INSERT INTO "laporan" VALUES (185,'LRT-31/03-0185','Ami Pradipta','+62 (0632) 218-0811','Laporan 185 tentang Jalan Rusak','Saya melihat ada masalah Jalan Rusak di dekat Jalan K.H. Wahid Hasyim. Mohon bantuannya.',1,'Labuhan Ratu','Kampung Baru',NULL,NULL,NULL,NULL,-5.36144498904536,105.257062648619,'Diproses',0,'2025-03-31');
INSERT INTO "laporan" VALUES (186,'TSG-07/04-0186','Gaiman Yulianti','+62 (30) 854-1307','Laporan 186 tentang Pohon Tumbang / Berbahaya','Tolong segera ditindaklanjuti, ada Pohon Tumbang / Berbahaya di wilayah Banjarmasin.',7,'Tanjung Senang','Pematang Wangi',NULL,NULL,NULL,NULL,-5.36447393233186,105.273659445915,'Diproses',0,'2025-04-07');
INSERT INTO "laporan" VALUES (187,'KDT-29/06-0187','Hasim Nainggolan','+62 (0958) 486-1804','Laporan 187 tentang Lainnya','Tolong segera ditindaklanjuti, ada Lainnya di wilayah Cimahi.',8,'Kedaton','Penengahan',NULL,NULL,NULL,NULL,-5.38773433533533,105.252028284813,'Diproses',0,'2025-06-29');
INSERT INTO "laporan" VALUES (188,'WHM-19/03-0188','Salwa Mulyani','0853773788','Laporan 188 tentang Sampah & Kebersihan','Saya melihat ada masalah Sampah & Kebersihan di dekat Jl. Sentot Alibasa. Mohon bantuannya.',2,'Way Halim','Jagabaya III',NULL,NULL,NULL,NULL,-5.39175818536043,105.278699506715,'Selesai',0,'2025-03-19');
INSERT INTO "laporan" VALUES (189,'TBT-16/02-0189','Embuh Nugroho','+62 (0312) 131-8366','Laporan 189 tentang Lampu Jalan Mati','Saya melihat ada masalah Lampu Jalan Mati di dekat Gg. Pasirkoja. Mohon bantuannya.',3,'Teluk Betung Timur','Perwata',NULL,NULL,NULL,NULL,-5.46966788485444,105.241473912831,'Selesai',0,'2025-02-16');
INSERT INTO "laporan" VALUES (190,'LRT-23/04-0190','Uli Mulyani, S.I.Kom','+62 (055) 332 0586','Laporan 190 tentang Ketertiban Umum','Saya melihat ada masalah Ketertiban Umum di dekat Gang Erlangga. Mohon bantuannya.',6,'Labuhan Ratu','Kota Sepang',NULL,NULL,NULL,NULL,-5.36158046241208,105.252139092277,'Diterima',0,'2025-04-23');
INSERT INTO "laporan" VALUES (191,'TKT-01/04-0191','Harjasa Siregar, S.Gz','+62-127-183-1091','Laporan 191 tentang Drainase & Banjir','Tolong segera ditindaklanjuti, ada Drainase & Banjir di wilayah Kota Administrasi Jakarta Timur.',4,'Tanjung Karang Timur','Kebon Jeruk',NULL,NULL,NULL,NULL,-5.41727531280129,105.298344355961,'Diproses',0,'2025-04-01');
INSERT INTO "laporan" VALUES (192,'TBT-02/03-0192','Lalita Firmansyah','+62 (485) 406-9931','Laporan 192 tentang Jalan Rusak','Saya melihat ada masalah Jalan Rusak di dekat Jalan Kapten Muslihat. Mohon bantuannya.',1,'Teluk Betung Timur','Kota Karang',NULL,NULL,NULL,NULL,-5.4673084273971,105.248267671933,'Selesai',0,'2025-03-02');
INSERT INTO "laporan" VALUES (193,'TBB-09/04-0193','Tri Wahyudin','+62 (610) 866-8971','Laporan 193 tentang Pohon Tumbang / Berbahaya','Tolong segera ditindaklanjuti, ada Pohon Tumbang / Berbahaya di wilayah Batu.',7,'Teluk Betung Barat','Kuripan',NULL,NULL,NULL,NULL,-5.46123190112353,105.240202615795,'Selesai',0,'2025-04-09');
INSERT INTO "laporan" VALUES (194,'WHM-24/04-0194','Tgk. Kania Kuswoyo, S.Sos','+62-978-086-0358','Laporan 194 tentang Pohon Tumbang / Berbahaya','Saya melihat ada masalah Pohon Tumbang / Berbahaya di dekat Gg. Antapani Lama. Mohon bantuannya.',7,'Way Halim','Jagabaya III',NULL,NULL,NULL,NULL,-5.3859121860132,105.273602739273,'Diproses',0,'2025-04-24');
INSERT INTO "laporan" VALUES (195,'TKT-25/04-0195','Kasiyah Mustofa','+62-865-143-8468','Laporan 195 tentang Jalan Rusak','Saya melihat ada masalah Jalan Rusak di dekat Gg. Suniaraja. Mohon bantuannya.',1,'Tanjung Karang Timur','Kota Baru',NULL,NULL,NULL,NULL,-5.41192327682192,105.294459202003,'Diproses',0,'2025-04-25');
INSERT INTO "laporan" VALUES (196,'TKP-02/07-0196','Ajeng Uwais, S.IP','+62 (0469) 909 1925','Laporan 196 tentang Lampu Jalan Mati','Laporan mengenai Lampu Jalan Mati. Lokasinya persis di depan CV Sihombing.',3,'Tanjung Karang Pusat','Kaliawi',NULL,NULL,NULL,NULL,-5.42155625954732,105.250773347602,'Diterima',0,'2025-07-02');
INSERT INTO "laporan" VALUES (197,'PJG-14/01-0197','Zulaikha Rahimah','(0810) 272-8936','Laporan 197 tentang Fasilitas Umum Rusak','Saya melihat ada masalah Fasilitas Umum Rusak di dekat Gg. Rungkut Industri. Mohon bantuannya.',5,'Panjang','Karang Maritim',NULL,NULL,NULL,NULL,-5.45864192852042,105.320142624545,'Selesai',0,'2025-01-14');
INSERT INTO "laporan" VALUES (198,'LGP-15/03-0198','Ir. Ina Hartati, M.Ak','+62 (0783) 699-2807','Laporan 198 tentang Sampah & Kebersihan','Laporan mengenai Sampah & Kebersihan. Lokasinya persis di depan CV Mangunsong Hastuti Tbk.',2,'Langkapura','Bilabong Jaya',NULL,NULL,NULL,NULL,-5.40391424016534,105.224906482193,'Diterima',0,'2025-03-15');
INSERT INTO "laporan" VALUES (199,'TBS-05/04-0199','R.M. Panca Yolanda, S.E.I','088 560 9385','Laporan 199 tentang Lampu Jalan Mati','Laporan mengenai Lampu Jalan Mati. Lokasinya persis di depan Perum Purnawati Tbk.',3,'Teluk Betung Selatan','Pesawahan',NULL,NULL,NULL,NULL,-5.45663039174831,105.259279355965,'Selesai',0,'2025-04-05');
INSERT INTO "laporan" VALUES (200,'WHM-05/03-0200','Jane Usamah','+62-0234-017-7456','Laporan 200 tentang Fasilitas Umum Rusak','Saya melihat ada masalah Fasilitas Umum Rusak di dekat Jl. Antapani Lama. Mohon bantuannya.',5,'Way Halim','Jagabaya II',NULL,NULL,NULL,NULL,-5.3862206903491,105.271630154738,'Diterima',0,'2025-03-05');
INSERT INTO "laporan" VALUES (201,'BMW-14/02-0201','Juli Wibisono','0867732816','Laporan 201 tentang Lampu Jalan Mati','Laporan mengenai Lampu Jalan Mati. Lokasinya persis di depan CV Iswahyudi Pratama (Persero) Tbk.',3,'Bumi Waras','Kangkung',NULL,NULL,NULL,NULL,-5.44125145078021,105.285770233859,'Diproses',0,'2025-02-14');
INSERT INTO "laporan" VALUES (202,'KML-13/08-0202','Puti Titi Pangestu, S.Sos','0866465814','Laporan 202 tentang Ketertiban Umum','Laporan mengenai Ketertiban Umum. Lokasinya persis di depan Perum Situmorang (Persero) Tbk.',6,'Kemiling','Sumber Agung',NULL,NULL,NULL,NULL,-5.39768202389191,105.210533278722,'Diproses',0,'2025-08-13');
INSERT INTO "laporan" VALUES (203,'EGL-03/06-0203','Putri Napitupulu','(0509) 540 4624','Laporan 203 tentang Pohon Tumbang / Berbahaya','Laporan mengenai Pohon Tumbang / Berbahaya. Lokasinya persis di depan UD Anggriawan Tbk.',7,'Enggal','Tanjung Karang',NULL,NULL,NULL,NULL,-5.42473993157447,105.259677350748,'Diterima',0,'2025-06-03');
INSERT INTO "laporan" VALUES (204,'TBS-04/06-0204','Laras Situmorang','(069) 232 0549','Laporan 204 tentang Fasilitas Umum Rusak','Tolong segera ditindaklanjuti, ada Fasilitas Umum Rusak di wilayah Gorontalo.',5,'Teluk Betung Selatan','Pesawahan',NULL,NULL,NULL,NULL,-5.45024641086693,105.257376940018,'Selesai',0,'2025-06-04');
INSERT INTO "laporan" VALUES (205,'TKB-22/06-0205','Ir. Putri Halimah','(0098) 062-7008','Laporan 205 tentang Pohon Tumbang / Berbahaya','Saya melihat ada masalah Pohon Tumbang / Berbahaya di dekat Gg. Setiabudhi. Mohon bantuannya.',7,'Tanjung Karang Barat','Gedong Air',NULL,NULL,NULL,NULL,-5.40575494951288,105.226044329093,'Diterima',0,'2025-06-22');
INSERT INTO "laporan" VALUES (206,'TKT-17/08-0206','Praba Hartati','081 541 7391','Laporan 206 tentang Lampu Jalan Mati','Laporan mengenai Lampu Jalan Mati. Lokasinya persis di depan UD Pudjiastuti Lazuardi Tbk.',3,'Tanjung Karang Timur','Sawah Brebes',NULL,NULL,NULL,NULL,-5.41583709607469,105.300744562504,'Selesai',0,'2025-08-17');
INSERT INTO "laporan" VALUES (207,'TBB-07/03-0207','Raina Mulyani','+62-99-420-6743','Laporan 207 tentang Fasilitas Umum Rusak','Laporan mengenai Fasilitas Umum Rusak. Lokasinya persis di depan PD Saputra Mansur Tbk.',5,'Teluk Betung Barat','Sukarame I',NULL,NULL,NULL,NULL,-5.46071062584971,105.239605600667,'Diterima',0,'2025-03-07');
INSERT INTO "laporan" VALUES (208,'RJB-16/02-0208','Olivia Budiyanto, S.I.Kom','+62 (36) 842 2719','Laporan 208 tentang Lainnya','Laporan mengenai Lainnya. Lokasinya persis di depan Perum Maryadi Mulyani.',8,'Rajabasa','Rajabasa',NULL,NULL,NULL,NULL,-5.37085316155374,105.233241020439,'Diterima',0,'2025-02-16');
INSERT INTO "laporan" VALUES (209,'TKB-28/01-0209','Cawisono Agustina','(0119) 101-6341','Laporan 209 tentang Pohon Tumbang / Berbahaya','Laporan mengenai Pohon Tumbang / Berbahaya. Lokasinya persis di depan PT Hidayanto.',7,'Tanjung Karang Barat','Segala Mider',NULL,NULL,NULL,NULL,-5.39888399739655,105.22519004032,'Diterima',0,'2025-01-28');
INSERT INTO "laporan" VALUES (210,'TKP-07/05-0210','Dr. Aisyah Mahendra','+62 (47) 776-2010','Laporan 210 tentang Sampah & Kebersihan','Saya melihat ada masalah Sampah & Kebersihan di dekat Jl. Moch. Toha. Mohon bantuannya.',2,'Tanjung Karang Pusat','Kelapa Tiga Permai',NULL,NULL,NULL,NULL,-5.41619061381632,105.249212759436,'Selesai',0,'2025-05-07');
INSERT INTO "laporan" VALUES (211,'WHM-21/05-0211','Bakti Suwarno','(080) 687 4317','Laporan 211 tentang Fasilitas Umum Rusak','Laporan mengenai Fasilitas Umum Rusak. Lokasinya persis di depan CV Lestari.',5,'Way Halim','Jagabaya III',NULL,NULL,NULL,NULL,-5.38757547863027,105.279409871563,'Diterima',0,'2025-05-21');
INSERT INTO "laporan" VALUES (212,'SKB-10/02-0212','Jamil Sinaga','(0155) 610-4971','Laporan 212 tentang Jalan Rusak','Saya melihat ada masalah Jalan Rusak di dekat Jalan Gardujati. Mohon bantuannya.',1,'Sukabumi','Nusantara Permai',NULL,NULL,NULL,NULL,-5.39938705202713,105.307286413151,'Diproses',0,'2025-02-10');
INSERT INTO "laporan" VALUES (213,'TKB-10/02-0213','Caraka Suryatmi, M.Farm','+62 (636) 709-0918','Laporan 213 tentang Fasilitas Umum Rusak','Tolong segera ditindaklanjuti, ada Fasilitas Umum Rusak di wilayah Bekasi.',5,'Tanjung Karang Barat','Kelapa Tiga',NULL,NULL,NULL,NULL,-5.39664098970948,105.223359789033,'Diproses',0,'2025-02-10');
INSERT INTO "laporan" VALUES (214,'EGL-01/06-0214','Cindy Yuniar','+62 (791) 409 7300','Laporan 214 tentang Jalan Rusak','Saya melihat ada masalah Jalan Rusak di dekat Gang Kebonjati. Mohon bantuannya.',1,'Enggal','Tanjung Karang',NULL,NULL,NULL,NULL,-5.41804929218629,105.260616560222,'Diterima',0,'2025-06-01');
INSERT INTO "laporan" VALUES (215,'LRT-02/01-0215','Karsa Mangunsong','+62 (041) 641-7843','Laporan 215 tentang Jalan Rusak','Saya melihat ada masalah Jalan Rusak di dekat Jl. Bangka Raya. Mohon bantuannya.',1,'Labuhan Ratu','Kota Sepang',NULL,NULL,NULL,NULL,-5.36040472799221,105.255990192138,'Diterima',0,'2025-01-02');
INSERT INTO "laporan" VALUES (216,'EGL-23/02-0216','Samiah Wijaya','082 609 4354','Laporan 216 tentang Sampah & Kebersihan','Saya melihat ada masalah Sampah & Kebersihan di dekat Gang KH Amin Jasuta. Mohon bantuannya.',2,'Enggal','Pelita',NULL,NULL,NULL,NULL,-5.4175573033355,105.266949009259,'Diterima',0,'2025-02-23');
INSERT INTO "laporan" VALUES (217,'KDT-01/04-0217','Laras Sihotang','+62 (001) 481 5025','Laporan 217 tentang Lampu Jalan Mati','Tolong segera ditindaklanjuti, ada Lampu Jalan Mati di wilayah Sungai Penuh.',3,'Kedaton','Surabaya',NULL,NULL,NULL,NULL,-5.39302649651769,105.257129639162,'Diterima',0,'2025-04-01');
INSERT INTO "laporan" VALUES (218,'TSG-21/01-0218','Joko Astuti','+62-024-733-5474','Laporan 218 tentang Drainase & Banjir','Laporan mengenai Drainase & Banjir. Lokasinya persis di depan CV Palastri Iswahyudi.',4,'Tanjung Senang','Way Kandis',NULL,NULL,NULL,NULL,-5.35608767724613,105.270076912478,'Diterima',0,'2025-01-21');
INSERT INTO "laporan" VALUES (219,'KDM-26/07-0219','Rendy Hartati','0827907902','Laporan 219 tentang Drainase & Banjir','Laporan mengenai Drainase & Banjir. Lokasinya persis di depan PT Mayasari Yolanda (Persero) Tbk.',4,'Kedamaian','Tanjung Agung Raya',NULL,NULL,NULL,NULL,-5.41720009478371,105.288593097484,'Diproses',0,'2025-07-26');
INSERT INTO "laporan" VALUES (220,'TBS-20/04-0220','Nasab Budiman','+62 (80) 162-5254','Laporan 220 tentang Ketertiban Umum','Laporan mengenai Ketertiban Umum. Lokasinya persis di depan CV Pranowo.',6,'Teluk Betung Selatan','Gedong Pakuon',NULL,NULL,NULL,NULL,-5.45219520836109,105.256566942248,'Diterima',0,'2025-04-20');
INSERT INTO "laporan" VALUES (221,'PJG-12/05-0221','Tri Widiastuti','+62 (023) 540-6010','Laporan 221 tentang Fasilitas Umum Rusak','Tolong segera ditindaklanjuti, ada Fasilitas Umum Rusak di wilayah Magelang.',5,'Panjang','Panjang Selatan',NULL,NULL,NULL,NULL,-5.45377317394759,105.316318538946,'Diterima',0,'2025-05-12');
INSERT INTO "laporan" VALUES (222,'SKB-24/03-0222','Ihsan Saefullah','(035) 165-2635','Laporan 222 tentang Pohon Tumbang / Berbahaya','Saya melihat ada masalah Pohon Tumbang / Berbahaya di dekat Gg. PHH. Mustofa. Mohon bantuannya.',7,'Sukabumi','Sukabumi',NULL,NULL,NULL,NULL,-5.40134477899769,105.310405653952,'Selesai',0,'2025-03-24');
INSERT INTO "laporan" VALUES (223,'PJG-22/03-0223','Dr. Wirda Latupono','+62 (955) 189 3506','Laporan 223 tentang Lainnya','Laporan mengenai Lainnya. Lokasinya persis di depan CV Prasetyo (Persero) Tbk.',8,'Panjang','Panjang Selatan',NULL,NULL,NULL,NULL,-5.45863457560931,105.319052333417,'Diterima',0,'2025-03-22');
INSERT INTO "laporan" VALUES (224,'KDM-09/04-0224','Viman Yolanda','+62 (022) 494-2647','Laporan 224 tentang Pohon Tumbang / Berbahaya','Saya melihat ada masalah Pohon Tumbang / Berbahaya di dekat Gang Rajawali Barat. Mohon bantuannya.',7,'Kedamaian','Tanjung Gading',NULL,NULL,NULL,NULL,-5.41970223737875,105.29071647332,'Diterima',0,'2025-04-09');
INSERT INTO "laporan" VALUES (225,'TBU-03/06-0225','Maryadi Salahudin','084 181 0156','Laporan 225 tentang Drainase & Banjir','Laporan mengenai Drainase & Banjir. Lokasinya persis di depan PT Pratama (Persero) Tbk.',4,'Teluk Betung Utara','Kupang Kota',NULL,NULL,NULL,NULL,-5.44198394600806,105.262449804685,'Diproses',0,'2025-06-03');
INSERT INTO "laporan" VALUES (226,'RJB-11/01-0226','Adikara Hutagalung','+62-035-098-1431','Laporan 226 tentang Fasilitas Umum Rusak','Laporan mengenai Fasilitas Umum Rusak. Lokasinya persis di depan PD Megantara.',5,'Rajabasa','Rajabasa Jaya',NULL,NULL,NULL,NULL,-5.3721644783345,105.23306945094,'Diterima',0,'2025-01-11');
INSERT INTO "laporan" VALUES (227,'KML-25/04-0227','Hendri Nasyiah','+62-161-829-4734','Laporan 227 tentang Drainase & Banjir','Saya melihat ada masalah Drainase & Banjir di dekat Jl. Soekarno Hatta. Mohon bantuannya.',4,'Kemiling','Pinang Jaya',NULL,NULL,NULL,NULL,-5.39849454032267,105.204347177068,'Diterima',0,'2025-04-25');
INSERT INTO "laporan" VALUES (228,'SKR-10/03-0228','Tami Dongoran','+62 (00) 700 4717','Laporan 228 tentang Lainnya','Saya melihat ada masalah Lainnya di dekat Gang Pasteur. Mohon bantuannya.',8,'Sukarame','Sukarame',NULL,NULL,NULL,NULL,-5.3964261121235,105.290472504379,'Selesai',0,'2025-03-10');
INSERT INTO "laporan" VALUES (229,'WHM-09/04-0229','Kasiyah Susanti','+62-71-844-6524','Laporan 229 tentang Lainnya','Tolong segera ditindaklanjuti, ada Lainnya di wilayah Magelang.',8,'Way Halim','Way Halim Permai',NULL,NULL,NULL,NULL,-5.38939451538659,105.275339767118,'Selesai',0,'2025-04-09');
INSERT INTO "laporan" VALUES (230,'TSG-10/06-0230','Ir. Maida Kurniawan, S.Gz','+62 (0665) 700-6924','Laporan 230 tentang Pohon Tumbang / Berbahaya','Tolong segera ditindaklanjuti, ada Pohon Tumbang / Berbahaya di wilayah Semarang.',7,'Tanjung Senang','Pematang Wangi',NULL,NULL,NULL,NULL,-5.36256331797958,105.275868365955,'Diproses',0,'2025-06-10');
INSERT INTO "laporan" VALUES (231,'LGP-21/06-0231','R.M. Irnanto Firmansyah','(0908) 598-3960','Laporan 231 tentang Pohon Tumbang / Berbahaya','Saya melihat ada masalah Pohon Tumbang / Berbahaya di dekat Jalan Ahmad Dahlan. Mohon bantuannya.',7,'Langkapura','Langkapura Baru',NULL,NULL,NULL,NULL,-5.40474319885213,105.225841718118,'Diterima',0,'2025-06-21');
INSERT INTO "laporan" VALUES (232,'WHM-20/03-0232','Chandra Usada, S.Pd','0820471260','Laporan 232 tentang Ketertiban Umum','Laporan mengenai Ketertiban Umum. Lokasinya persis di depan UD Prasetya.',6,'Way Halim','Way Halim Permai',NULL,NULL,NULL,NULL,-5.38469873098666,105.277922253177,'Diterima',0,'2025-03-20');
INSERT INTO "laporan" VALUES (233,'TBT-06/04-0233','drg. Umay Hassanah','+62 (0385) 350 0732','Laporan 233 tentang Fasilitas Umum Rusak','Laporan mengenai Fasilitas Umum Rusak. Lokasinya persis di depan PT Salahudin Saputra Tbk.',5,'Teluk Betung Timur','Perwata',NULL,NULL,NULL,NULL,-5.47339907259292,105.240526591148,'Selesai',0,'2025-04-06');
INSERT INTO "laporan" VALUES (234,'KML-17/07-0234','Usyi Uwais','+62 (0432) 339-1502','Laporan 234 tentang Jalan Rusak','Saya melihat ada masalah Jalan Rusak di dekat Jalan Joyoboyo. Mohon bantuannya.',1,'Kemiling','Pinang Jaya',NULL,NULL,NULL,NULL,-5.40185843597091,105.204079278898,'Diterima',0,'2025-07-17');
INSERT INTO "laporan" VALUES (235,'EGL-15/07-0235','Tgk. Pangeran Hariyah, S.IP','+62 (014) 456 4489','Laporan 235 tentang Pohon Tumbang / Berbahaya','Saya melihat ada masalah Pohon Tumbang / Berbahaya di dekat Jl. Waringin. Mohon bantuannya.',7,'Enggal','Tanjung Karang',NULL,NULL,NULL,NULL,-5.42034472626711,105.263146415188,'Diterima',0,'2025-07-15');
INSERT INTO "laporan" VALUES (236,'SKB-22/03-0236','Cayadi Nurdiyanti','+62 (0741) 387 7901','Laporan 236 tentang Lainnya','Tolong segera ditindaklanjuti, ada Lainnya di wilayah Kota Administrasi Jakarta Pusat.',8,'Sukabumi','Way Gubak',NULL,NULL,NULL,NULL,-5.39610302029839,105.302092376743,'Diterima',0,'2025-03-22');
INSERT INTO "laporan" VALUES (237,'TKP-07/07-0237','Darmaji Ardianto','+62 (0952) 522-6503','Laporan 237 tentang Sampah & Kebersihan','Saya melihat ada masalah Sampah & Kebersihan di dekat Gang Jakarta. Mohon bantuannya.',2,'Tanjung Karang Pusat','Gotong Royong',NULL,NULL,NULL,NULL,-5.4209377260894,105.245588907778,'Selesai',0,'2025-07-07');
INSERT INTO "laporan" VALUES (238,'LRT-29/07-0238','Leo Uyainah','+62-074-335-2839','Laporan 238 tentang Jalan Rusak','Saya melihat ada masalah Jalan Rusak di dekat Gang Peta. Mohon bantuannya.',1,'Labuhan Ratu','Labuhan Ratu',NULL,NULL,NULL,NULL,-5.36226320461332,105.255839174937,'Selesai',0,'2025-07-29');
INSERT INTO "laporan" VALUES (239,'TBU-21/07-0239','Tgk. Juli Samosir, M.TI.','+62 (87) 694 7536','Laporan 239 tentang Pohon Tumbang / Berbahaya','Tolong segera ditindaklanjuti, ada Pohon Tumbang / Berbahaya di wilayah Probolinggo.',7,'Teluk Betung Utara','Sumur Batu',NULL,NULL,NULL,NULL,-5.43622137852711,105.258350906326,'Selesai',0,'2025-07-21');
INSERT INTO "laporan" VALUES (240,'KDT-11/03-0240','Prakosa Namaga','+62 (068) 920 3899','Laporan 240 tentang Drainase & Banjir','Tolong segera ditindaklanjuti, ada Drainase & Banjir di wilayah Banjarmasin.',4,'Kedaton','Surabaya',NULL,NULL,NULL,NULL,-5.39219051824899,105.253620611864,'Diterima',0,'2025-03-11');
INSERT INTO "laporan" VALUES (241,'TBU-23/03-0241','Puti Qori Wijayanti, S.Pt','(0842) 918-9801','Laporan 241 tentang Ketertiban Umum','Tolong segera ditindaklanjuti, ada Ketertiban Umum di wilayah Lhokseumawe.',6,'Teluk Betung Utara','Kupang Raya',NULL,NULL,NULL,NULL,-5.43512636688125,105.260653672198,'Diterima',0,'2025-03-23');
INSERT INTO "laporan" VALUES (242,'LRT-09/05-0242','Dadi Prastuti','+62 (413) 617-9085','Laporan 242 tentang Lampu Jalan Mati','Laporan mengenai Lampu Jalan Mati. Lokasinya persis di depan PD Wibowo (Persero) Tbk.',3,'Labuhan Ratu','Kota Sepang',NULL,NULL,NULL,NULL,-5.36400903696439,105.252012474384,'Selesai',0,'2025-05-09');
INSERT INTO "laporan" VALUES (243,'TKT-14/05-0243','T. Hasim Nainggolan','+62-069-309-2516','Laporan 243 tentang Drainase & Banjir','Tolong segera ditindaklanjuti, ada Drainase & Banjir di wilayah Depok.',4,'Tanjung Karang Timur','Sawah Brebes',NULL,NULL,NULL,NULL,-5.41738561635224,105.294291857558,'Selesai',0,'2025-05-14');
INSERT INTO "laporan" VALUES (244,'LRT-21/06-0244','Rahmat Sirait, S.H.','(041) 508-4856','Laporan 244 tentang Lampu Jalan Mati','Tolong segera ditindaklanjuti, ada Lampu Jalan Mati di wilayah Jambi.',3,'Labuhan Ratu','Sepang Jaya',NULL,NULL,NULL,NULL,-5.36426562878682,105.251833114587,'Selesai',0,'2025-06-21');
INSERT INTO "laporan" VALUES (245,'KML-01/05-0245','Sakura Sitompul','+62 (0636) 860-7170','Laporan 245 tentang Pohon Tumbang / Berbahaya','Tolong segera ditindaklanjuti, ada Pohon Tumbang / Berbahaya di wilayah Depok.',7,'Kemiling','Sumber Agung',NULL,NULL,NULL,NULL,-5.39867769222426,105.204866881623,'Diproses',0,'2025-05-01');
INSERT INTO "laporan" VALUES (246,'SKB-18/07-0246','Jayadi Hassanah','+62 (81) 504 7598','Laporan 246 tentang Lainnya','Laporan mengenai Lainnya. Lokasinya persis di depan PD Pangestu Zulaika Tbk.',8,'Sukabumi','Sukabumi',NULL,NULL,NULL,NULL,-5.3986115125801,105.30607106122,'Diterima',0,'2025-07-18');
INSERT INTO "laporan" VALUES (247,'TSG-03/06-0247','Cut Tari Pertiwi','+62 (090) 759 0766','Laporan 247 tentang Pohon Tumbang / Berbahaya','Tolong segera ditindaklanjuti, ada Pohon Tumbang / Berbahaya di wilayah Kediri.',7,'Tanjung Senang','Campang Raya',NULL,NULL,NULL,NULL,-5.35910797706927,105.276560748963,'Diproses',0,'2025-06-03');
INSERT INTO "laporan" VALUES (248,'TBT-28/07-0248','Belinda Yuniar, M.Farm','+62-0606-872-3964','Laporan 248 tentang Ketertiban Umum','Laporan mengenai Ketertiban Umum. Lokasinya persis di depan CV Haryanto Tbk.',6,'Teluk Betung Timur','Kota Karang',NULL,NULL,NULL,NULL,-5.4687208981398,105.244819204058,'Selesai',0,'2025-07-28');
INSERT INTO "laporan" VALUES (249,'SKB-21/06-0249','Samiah Salahudin','083 568 1817','Laporan 249 tentang Fasilitas Umum Rusak','Saya melihat ada masalah Fasilitas Umum Rusak di dekat Gang Suryakencana. Mohon bantuannya.',5,'Sukabumi','Campang Jaya',NULL,NULL,NULL,NULL,-5.40418532434467,105.301431419689,'Selesai',0,'2025-06-21');
INSERT INTO "laporan" VALUES (250,'SKB-05/04-0250','Tgk. Chelsea Waluyo','+62-036-355-1902','Laporan 250 tentang Pohon Tumbang / Berbahaya','Tolong segera ditindaklanjuti, ada Pohon Tumbang / Berbahaya di wilayah Mataram.',7,'Sukabumi','Nusantara Permai',NULL,NULL,NULL,NULL,-5.40161316021715,105.309123822513,'Diproses',0,'2025-04-05');
INSERT INTO "laporan" VALUES (251,'TSG-28/07-0251','Wahyu Tarihoran, M.Farm','+62 (84) 480 4906','Laporan 251 tentang Lainnya','Saya melihat ada masalah Lainnya di dekat Jl. Joyoboyo. Mohon bantuannya.',8,'Tanjung Senang','Way Kandis',NULL,NULL,NULL,NULL,-5.36146577505598,105.270082445547,'Diterima',0,'2025-07-28');
INSERT INTO "laporan" VALUES (252,'RJB-27/07-0252','Cahyono Pratama','+62-0722-132-6444','Laporan 252 tentang Sampah & Kebersihan','Laporan mengenai Sampah & Kebersihan. Lokasinya persis di depan CV Marbun.',2,'Rajabasa','Gedong Meneng',NULL,NULL,NULL,NULL,-5.36808308732879,105.228742994045,'Selesai',0,'2025-07-27');
INSERT INTO "laporan" VALUES (253,'KML-16/07-0253','Johan Wastuti','(0016) 510-3828','Laporan 253 tentang Pohon Tumbang / Berbahaya','Saya melihat ada masalah Pohon Tumbang / Berbahaya di dekat Gg. Cikutra Barat. Mohon bantuannya.',7,'Kemiling','Pinang Jaya',NULL,NULL,NULL,NULL,-5.40204668024814,105.205845508493,'Diterima',0,'2025-07-16');
INSERT INTO "laporan" VALUES (254,'TSG-20/07-0254','dr. Praba Hidayat','+62-0346-012-3461','Laporan 254 tentang Fasilitas Umum Rusak','Tolong segera ditindaklanjuti, ada Fasilitas Umum Rusak di wilayah Pagaralam.',5,'Tanjung Senang','Way Kandis',NULL,NULL,NULL,NULL,-5.35904107878309,105.277692184245,'Selesai',0,'2025-07-20');
INSERT INTO "laporan" VALUES (255,'TBS-17/03-0255','Vicky Nasyiah','+62-048-901-2322','Laporan 255 tentang Sampah & Kebersihan','Saya melihat ada masalah Sampah & Kebersihan di dekat Jl. M.H Thamrin. Mohon bantuannya.',2,'Teluk Betung Selatan','Sumur Putri',NULL,NULL,NULL,NULL,-5.45154713900988,105.259785346116,'Selesai',0,'2025-03-17');
INSERT INTO "laporan" VALUES (256,'KDM-31/01-0256','Radika Budiyanto','+62 (047) 464-6296','Laporan 256 tentang Lampu Jalan Mati','Tolong segera ditindaklanjuti, ada Lampu Jalan Mati di wilayah Cirebon.',3,'Kedamaian','Kedamaian',NULL,NULL,NULL,NULL,-5.42296872710676,105.287099706848,'Diterima',0,'2025-01-31');
INSERT INTO "laporan" VALUES (257,'TBB-06/06-0257','Kayla Pradana','+62-77-776-3178','Laporan 257 tentang Lainnya','Tolong segera ditindaklanjuti, ada Lainnya di wilayah Sibolga.',8,'Teluk Betung Barat','Batu Putuk',NULL,NULL,NULL,NULL,-5.45918557135465,105.236183641758,'Diterima',0,'2025-06-06');
INSERT INTO "laporan" VALUES (258,'SKB-24/05-0258','Drs. Rahmi Sitompul','+62 (017) 559 6229','Laporan 258 tentang Pohon Tumbang / Berbahaya','Laporan mengenai Pohon Tumbang / Berbahaya. Lokasinya persis di depan UD Prasasta Winarno.',7,'Sukabumi','Campang Jaya',NULL,NULL,NULL,NULL,-5.39577697196607,105.308980699912,'Diproses',0,'2025-05-24');
INSERT INTO "laporan" VALUES (259,'TKT-23/04-0259','KH. Dacin Astuti, S.Pd','+62-738-186-0151','Laporan 259 tentang Lainnya','Tolong segera ditindaklanjuti, ada Lainnya di wilayah Bukittinggi.',8,'Tanjung Karang Timur','Kota Baru',NULL,NULL,NULL,NULL,-5.41238902659691,105.295737950321,'Diterima',0,'2025-04-23');
INSERT INTO "laporan" VALUES (260,'TSG-05/07-0260','Endra Yolanda','+62-0761-230-2567','Laporan 260 tentang Sampah & Kebersihan','Saya melihat ada masalah Sampah & Kebersihan di dekat Gang Laswi. Mohon bantuannya.',2,'Tanjung Senang','Pematang Wangi',NULL,NULL,NULL,NULL,-5.359816161287,105.278190658157,'Diproses',0,'2025-07-05');
INSERT INTO "laporan" VALUES (261,'TBS-03/08-0261','Ghaliyati Nasyiah, S.T.','+62-731-262-9396','Laporan 261 tentang Ketertiban Umum','Laporan mengenai Ketertiban Umum. Lokasinya persis di depan PD Prabowo Rajasa Tbk.',6,'Teluk Betung Selatan','Gedong Pakuon',NULL,NULL,NULL,NULL,-5.45737990562094,105.26341699752,'Diterima',0,'2025-08-03');
INSERT INTO "laporan" VALUES (262,'KDT-04/04-0262','KH. Liman Saputra','+62 (037) 065-5584','Laporan 262 tentang Pohon Tumbang / Berbahaya','Laporan mengenai Pohon Tumbang / Berbahaya. Lokasinya persis di depan UD Waluyo Yolanda.',7,'Kedaton','Penengahan',NULL,NULL,NULL,NULL,-5.39050348920349,105.258876229635,'Selesai',0,'2025-04-04');
INSERT INTO "laporan" VALUES (263,'LRT-14/02-0263','Ozy Siregar','+62-985-430-9471','Laporan 263 tentang Sampah & Kebersihan','Tolong segera ditindaklanjuti, ada Sampah & Kebersihan di wilayah Solok.',2,'Labuhan Ratu','Labuhan Ratu',NULL,NULL,NULL,NULL,-5.35811671608146,105.250263687882,'Selesai',0,'2025-02-14');
INSERT INTO "laporan" VALUES (264,'TKT-22/04-0264','Dt. Bahuraksa Napitupulu','(0616) 482 8303','Laporan 264 tentang Fasilitas Umum Rusak','Tolong segera ditindaklanjuti, ada Fasilitas Umum Rusak di wilayah Mojokerto.',5,'Tanjung Karang Timur','Sawah Brebes',NULL,NULL,NULL,NULL,-5.41505576259938,105.298781088744,'Diproses',0,'2025-04-22');
INSERT INTO "laporan" VALUES (265,'KDM-16/04-0265','Ulya Wulandari','+62 (0364) 533 2444','Laporan 265 tentang Sampah & Kebersihan','Tolong segera ditindaklanjuti, ada Sampah & Kebersihan di wilayah Dumai.',2,'Kedamaian','Tanjung Baru',NULL,NULL,NULL,NULL,-5.41421169252195,105.290781982146,'Diterima',0,'2025-04-16');
INSERT INTO "laporan" VALUES (266,'LRT-16/06-0266','Sutan Agus Sitorus, S.I.Kom','+62 (090) 511 4979','Laporan 266 tentang Sampah & Kebersihan','Laporan mengenai Sampah & Kebersihan. Lokasinya persis di depan PT Siregar Uwais.',2,'Labuhan Ratu','Kota Sepang',NULL,NULL,NULL,NULL,-5.35916174178296,105.255113024048,'Selesai',0,'2025-06-16');
INSERT INTO "laporan" VALUES (267,'BMW-16/07-0267','Wahyu Riyanti','+62 (0225) 891-4499','Laporan 267 tentang Lainnya','Laporan mengenai Lainnya. Lokasinya persis di depan Perum Lestari Astuti.',8,'Bumi Waras','Sukaraja',NULL,NULL,NULL,NULL,-5.44013961200339,105.284300656936,'Diterima',0,'2025-07-16');
INSERT INTO "laporan" VALUES (268,'KML-18/03-0268','Hardi Suryatmi','+62-658-981-0296','Laporan 268 tentang Fasilitas Umum Rusak','Tolong segera ditindaklanjuti, ada Fasilitas Umum Rusak di wilayah Gorontalo.',5,'Kemiling','Kemiling Permai',NULL,NULL,NULL,NULL,-5.40301844692436,105.205785163855,'Diproses',0,'2025-03-18');
INSERT INTO "laporan" VALUES (269,'TKB-03/08-0269','Dimaz Nainggolan','+62 (18) 939 0817','Laporan 269 tentang Lainnya','Saya melihat ada masalah Lainnya di dekat Jalan Antapani Lama. Mohon bantuannya.',8,'Tanjung Karang Barat','Kelapa Tiga',NULL,NULL,NULL,NULL,-5.39916805868243,105.216663003772,'Diterima',0,'2025-08-03');
INSERT INTO "laporan" VALUES (270,'TBB-26/04-0270','Siska Padmasari','+62 (094) 188 8211','Laporan 270 tentang Pohon Tumbang / Berbahaya','Laporan mengenai Pohon Tumbang / Berbahaya. Lokasinya persis di depan PD Thamrin.',7,'Teluk Betung Barat','Sukarame I',NULL,NULL,NULL,NULL,-5.45886928405153,105.238382024892,'Diterima',0,'2025-04-26');
INSERT INTO "laporan" VALUES (271,'TSG-07/08-0271','Puji Agustina','+62-034-455-3612','Laporan 271 tentang Lainnya','Laporan mengenai Lainnya. Lokasinya persis di depan PD Suartini (Persero) Tbk.',8,'Tanjung Senang','Pematang Wangi',NULL,NULL,NULL,NULL,-5.35626308085454,105.274615957872,'Diterima',0,'2025-08-07');
INSERT INTO "laporan" VALUES (272,'BMW-19/05-0272','dr. Sakura Gunawan','+62 (097) 116-5990','Laporan 272 tentang Lampu Jalan Mati','Tolong segera ditindaklanjuti, ada Lampu Jalan Mati di wilayah Parepare.',3,'Bumi Waras','Bumi Waras',NULL,NULL,NULL,NULL,-5.4423068995916,105.288439836143,'Selesai',0,'2025-05-19');
INSERT INTO "laporan" VALUES (273,'TKB-26/03-0273','Hendra Sinaga','+62-0293-621-5256','Laporan 273 tentang Lampu Jalan Mati','Laporan mengenai Lampu Jalan Mati. Lokasinya persis di depan Perum Ardianto Damanik.',3,'Tanjung Karang Barat','Gedong Air',NULL,NULL,NULL,NULL,-5.40412401446227,105.216882246959,'Diterima',0,'2025-03-26');
INSERT INTO "laporan" VALUES (274,'TKB-15/08-0274','Harjasa Ardianto','(021) 471 4778','Laporan 274 tentang Fasilitas Umum Rusak','Laporan mengenai Fasilitas Umum Rusak. Lokasinya persis di depan Perum Anggraini Tbk.',5,'Tanjung Karang Barat','Sukarame II',NULL,NULL,NULL,NULL,-5.40255217680396,105.218852927839,'Diterima',0,'2025-08-15');
INSERT INTO "laporan" VALUES (275,'EGL-04/02-0275','Tina Melani','+62-905-143-2855','Laporan 275 tentang Pohon Tumbang / Berbahaya','Laporan mengenai Pohon Tumbang / Berbahaya. Lokasinya persis di depan PD Susanti Tbk.',7,'Enggal','Enggal',NULL,NULL,NULL,NULL,-5.41901899136588,105.268277225176,'Diproses',0,'2025-02-04');
INSERT INTO "laporan" VALUES (276,'BMW-25/01-0276','Drs. Zalindra Agustina','+62 (616) 816-2957','Laporan 276 tentang Lainnya','Saya melihat ada masalah Lainnya di dekat Jalan Gegerkalong Hilir. Mohon bantuannya.',8,'Bumi Waras','Kangkung',NULL,NULL,NULL,NULL,-5.44546635614174,105.288226154251,'Selesai',0,'2025-01-25');
INSERT INTO "laporan" VALUES (277,'TSG-19/08-0277','Vanesa Yulianti','080 608 3791','Laporan 277 tentang Drainase & Banjir','Saya melihat ada masalah Drainase & Banjir di dekat Gg. Rajiman. Mohon bantuannya.',4,'Tanjung Senang','Campang Raya',NULL,NULL,NULL,NULL,-5.36228058662597,105.278043017163,'Selesai',0,'2025-08-19');
INSERT INTO "laporan" VALUES (278,'TKT-07/02-0278','Sakura Sudiati','+62 (116) 064-5952','Laporan 278 tentang Lampu Jalan Mati','Saya melihat ada masalah Lampu Jalan Mati di dekat Jalan Ir. H. Djuanda. Mohon bantuannya.',3,'Tanjung Karang Timur','Sawah Lama',NULL,NULL,NULL,NULL,-5.40833457376637,105.302434601274,'Diproses',0,'2025-02-07');
INSERT INTO "laporan" VALUES (279,'LRT-02/05-0279','Irnanto Usada','+62 (17) 001 0348','Laporan 279 tentang Lampu Jalan Mati','Saya melihat ada masalah Lampu Jalan Mati di dekat Gg. Gedebage Selatan. Mohon bantuannya.',3,'Labuhan Ratu','Kota Sepang',NULL,NULL,NULL,NULL,-5.36212222656106,105.256104328405,'Selesai',0,'2025-05-02');
INSERT INTO "laporan" VALUES (280,'KML-31/07-0280','Zaenab Putra','(0397) 053-8275','Laporan 280 tentang Lampu Jalan Mati','Laporan mengenai Lampu Jalan Mati. Lokasinya persis di depan PT Novitasari Rajata.',3,'Kemiling','Beringin Raya',NULL,NULL,NULL,NULL,-5.39615330054081,105.20729929517,'Diterima',0,'2025-07-31');
INSERT INTO "laporan" VALUES (281,'KML-20/01-0281','Lurhur Laksita','(025) 589-6607','Laporan 281 tentang Pohon Tumbang / Berbahaya','Tolong segera ditindaklanjuti, ada Pohon Tumbang / Berbahaya di wilayah Tebingtinggi.',7,'Kemiling','Beringin Raya',NULL,NULL,NULL,NULL,-5.39537658982317,105.209467057026,'Diterima',0,'2025-01-20');
INSERT INTO "laporan" VALUES (282,'LGP-12/06-0282','T. Yusuf Marbun, S.Pt','0872597678','Laporan 282 tentang Ketertiban Umum','Laporan mengenai Ketertiban Umum. Lokasinya persis di depan PT Widiastuti Mulyani (Persero) Tbk.',6,'Langkapura','Gunung Terang',NULL,NULL,NULL,NULL,-5.40599015559061,105.232125655245,'Diproses',0,'2025-06-12');
INSERT INTO "laporan" VALUES (283,'TSG-25/08-0283','Wardi Pratama, S.Psi','(047) 145 6018','Laporan 283 tentang Pohon Tumbang / Berbahaya','Laporan mengenai Pohon Tumbang / Berbahaya. Lokasinya persis di depan CV Siregar Hassanah Tbk.',7,'Tanjung Senang','Tanjung Senang',NULL,'selesai_20250827000106_85127-anak-sedang-les.jpg',NULL,'',-5.3611240253217,105.271531611702,'Selesai',0,'2025-08-25');
INSERT INTO "laporan" VALUES (284,'LGP-12/03-0284','Rini Kusumo','+62 (0486) 876-9567','Laporan 284 tentang Pohon Tumbang / Berbahaya','Laporan mengenai Pohon Tumbang / Berbahaya. Lokasinya persis di depan Perum Sudiati Sitompul.',7,'Langkapura','Bilabong Jaya',NULL,NULL,NULL,NULL,-5.39884378952679,105.230797323543,'Selesai',0,'2025-03-12');
INSERT INTO "laporan" VALUES (285,'KDM-02/04-0285','Dr. Hani Wibisono','(0082) 498 6260','Laporan 285 tentang Fasilitas Umum Rusak','Tolong segera ditindaklanjuti, ada Fasilitas Umum Rusak di wilayah Bandung.',5,'Kedamaian','Kedamaian',NULL,NULL,NULL,NULL,-5.42297121266628,105.288359435288,'Diterima',0,'2025-04-02');
INSERT INTO "laporan" VALUES (286,'WHM-10/05-0286','Maria Mandasari','+62 (394) 707 9827','Laporan 286 tentang Fasilitas Umum Rusak','Laporan mengenai Fasilitas Umum Rusak. Lokasinya persis di depan PD Wijayanti Tbk.',5,'Way Halim','Way Halim Permai',NULL,NULL,NULL,NULL,-5.38284776562309,105.273837539279,'Diproses',0,'2025-05-10');
INSERT INTO "laporan" VALUES (287,'TKP-27/07-0287','Lega Novitasari','(041) 112 5770','Laporan 287 tentang Drainase & Banjir','Tolong segera ditindaklanjuti, ada Drainase & Banjir di wilayah Sibolga.',4,'Tanjung Karang Pusat','Durian Payung',NULL,NULL,NULL,NULL,-5.41716236077846,105.246241818848,'Diterima',0,'2025-07-27');
INSERT INTO "laporan" VALUES (288,'KDM-20/01-0288','Vera Hutagalung','+62-807-662-0145','Laporan 288 tentang Ketertiban Umum','Tolong segera ditindaklanjuti, ada Ketertiban Umum di wilayah Purwokerto.',6,'Kedamaian','Kedamaian',NULL,NULL,NULL,NULL,-5.41832489217367,105.291877978503,'Diterima',0,'2025-01-20');
INSERT INTO "laporan" VALUES (289,'SKR-19/05-0289','Ikin Nugroho','+62-087-725-9756','Laporan 289 tentang Ketertiban Umum','Tolong segera ditindaklanjuti, ada Ketertiban Umum di wilayah Cirebon.',6,'Sukarame','Sukarame',NULL,NULL,NULL,NULL,-5.38939351117431,105.294738838245,'Diproses',0,'2025-05-19');
INSERT INTO "laporan" VALUES (290,'EGL-16/08-0290','R. Tami Widiastuti, S.Ked','+62 (0303) 280 9460','Laporan 290 tentang Sampah & Kebersihan','Saya melihat ada masalah Sampah & Kebersihan di dekat Gang Moch. Ramdan. Mohon bantuannya.',2,'Enggal','Pelita',NULL,NULL,NULL,NULL,-5.42405527708367,105.265689713622,'Selesai',0,'2025-08-16');
INSERT INTO "laporan" VALUES (291,'WHM-09/07-0291','Prabawa Mangunsong','+62 (057) 598 8104','Laporan 291 tentang Pohon Tumbang / Berbahaya','Saya melihat ada masalah Pohon Tumbang / Berbahaya di dekat Jalan Cihampelas. Mohon bantuannya.',7,'Way Halim','Jagabaya II',NULL,NULL,NULL,NULL,-5.38938815595324,105.274688304678,'Selesai',0,'2025-07-09');
INSERT INTO "laporan" VALUES (292,'BMW-03/07-0292','Sarah Firgantoro','+62-993-755-6894','Laporan 292 tentang Drainase & Banjir','Tolong segera ditindaklanjuti, ada Drainase & Banjir di wilayah Kota Administrasi Jakarta Timur.',4,'Bumi Waras','Kangkung',NULL,NULL,NULL,NULL,-5.44779950551903,105.288187663986,'Selesai',0,'2025-07-03');
INSERT INTO "laporan" VALUES (293,'TBS-09/03-0293','drg. Garang Utama','(065) 403 3865','Laporan 293 tentang Sampah & Kebersihan','Saya melihat ada masalah Sampah & Kebersihan di dekat Gg. Gedebage Selatan. Mohon bantuannya.',2,'Teluk Betung Selatan','Teluk Betung',NULL,NULL,NULL,NULL,-5.44819258351571,105.258815713242,'Diterima',0,'2025-03-09');
INSERT INTO "laporan" VALUES (294,'EGL-30/04-0294','Adhiarja Tarihoran','(0823) 410 4255','Laporan 294 tentang Fasilitas Umum Rusak','Laporan mengenai Fasilitas Umum Rusak. Lokasinya persis di depan PT Mardhiyah.',5,'Enggal','Enggal',NULL,NULL,NULL,NULL,-5.41852285928811,105.263598135859,'Diterima',0,'2025-04-30');
INSERT INTO "laporan" VALUES (295,'TBB-28/02-0295','Tgk. Kani Rahmawati','(072) 109 6450','Laporan 295 tentang Fasilitas Umum Rusak','Saya melihat ada masalah Fasilitas Umum Rusak di dekat Jalan Monginsidi. Mohon bantuannya.',5,'Teluk Betung Barat','Sukarame I',NULL,NULL,NULL,NULL,-5.45773568267522,105.238074066881,'Diterima',0,'2025-02-28');
INSERT INTO "laporan" VALUES (296,'TKP-04/05-0296','Maryadi Sihombing','+62 (92) 348-0755','Laporan 296 tentang Ketertiban Umum','Saya melihat ada masalah Ketertiban Umum di dekat Jl. HOS. Cokroaminoto. Mohon bantuannya.',6,'Tanjung Karang Pusat','Durian Payung',NULL,NULL,NULL,NULL,-5.42280849571875,105.244157673847,'Selesai',0,'2025-05-04');
INSERT INTO "laporan" VALUES (297,'PJG-01/07-0297','Dt. Aslijan Padmasari','+62 (0315) 170 6135','Laporan 297 tentang Sampah & Kebersihan','Laporan mengenai Sampah & Kebersihan. Lokasinya persis di depan CV Sinaga (Persero) Tbk.',2,'Panjang','Panjang Selatan',NULL,NULL,NULL,NULL,-5.4532567044562,105.317255395945,'Selesai',0,'2025-07-01');
INSERT INTO "laporan" VALUES (298,'PJG-12/05-0298','dr. Michelle Mardhiyah','+62 (627) 446-4824','Laporan 298 tentang Pohon Tumbang / Berbahaya','Tolong segera ditindaklanjuti, ada Pohon Tumbang / Berbahaya di wilayah Dumai.',7,'Panjang','Srengsem',NULL,NULL,NULL,NULL,-5.45127372326117,105.316815162552,'Diproses',0,'2025-05-12');
INSERT INTO "laporan" VALUES (299,'TBS-04/05-0299','Genta Yuniar','(093) 834-6034','Laporan 299 tentang Sampah & Kebersihan','Saya melihat ada masalah Sampah & Kebersihan di dekat Gg. Dr. Djunjunan. Mohon bantuannya.',2,'Teluk Betung Selatan','Pesawahan',NULL,NULL,NULL,NULL,-5.45124875940367,105.258332760821,'Diproses',0,'2025-05-04');
INSERT INTO "laporan" VALUES (300,'TKP-23/05-0300','Olivia Napitupulu','+62-170-730-9160','Laporan 300 tentang Fasilitas Umum Rusak','Saya melihat ada masalah Fasilitas Umum Rusak di dekat Jl. Suniaraja. Mohon bantuannya.',5,'Tanjung Karang Pusat','Durian Payung',NULL,NULL,NULL,NULL,-5.41786287994044,105.245516390576,'Selesai',0,'2025-05-23');
INSERT INTO "laporan" VALUES (301,'SKR-27/08-0001','Bimantara','','Jalan Bergeluduk','Jalanan jelek sekali',1,'Sukarame','Sukarame',NULL,NULL,NULL,NULL,-5.43869845705182,105.276194214821,'Diterima',0,'2025-08-26 17:19:01');
INSERT INTO "laporan" VALUES (302,'SKB-27/08-0002','Bimantara','','Jalan Bergeluduk sekali','Jalanan jelek',3,'Sukabumi','Nusantara Permai',NULL,NULL,NULL,NULL,-5.39965223848876,105.292665660381,'Diterima',0,'2025-08-26 17:25:35');
INSERT INTO "laporan" VALUES (303,'TKB-27/08-0003','Dimas Suhendra','','Jalan Bergeluduk sekali','Jalanan jelek',1,'Tanjung Karang Barat','Segala Mider',NULL,NULL,NULL,NULL,-5.40260734300314,105.234045982361,'Diterima',0,'2025-08-26 17:33:28');
INSERT INTO "nomor_laporan_harian" VALUES ('2025-08-27',3);
INSERT INTO "riwayat_aksi" VALUES (1,283,'dimassuhendra0104','Status diubah dari ''Diproses'' menjadi ''Selesai''','2025-08-26 17:01:06');
INSERT INTO "riwayat_aksi" VALUES (2,283,'dimassuhendra0104','Pengumuman publik ditambahkan/diperbarui','2025-08-26 17:01:06');
INSERT INTO "riwayat_aksi" VALUES (3,283,'dimassuhendra0104','Foto ''Selesai'' diunggah','2025-08-26 17:01:06');
COMMIT;
